year,hs10,valid_from,valid_to,adval
2007,0511911010,2007-01-01,2007-12-31,4.0
2007,1701910000,2007-01-01,2007-12-31,35.0
2007,1701990000,2007-01-01,2007-12-31,35.0
2007,2709001010,2007-01-01,2007-12-31,1.0
2007,2709001020,2007-01-01,2007-12-31,1.0
2007,2709001030,2007-01-01,2007-12-31,1.0
2007,2709001040,2007-01-01,2007-12-31,1.0
2007,2709001050,2007-01-01,2007-12-31,1.0
2007,2709001060,2007-01-01,2007-12-31,1.0
2007,2709001070,2007-01-01,2007-12-31,1.0
2007,2709001080,2007-01-01,2007-12-31,1.0
2007,2709001090,2007-01-01,2007-12-31,1.0
2007,2709002000,2007-01-01,2007-12-31,1.0
2007,2710111000,2007-07-01,2007-12-31,3.0
2007,2710112000,2007-07-01,2007-12-31,3.0
2007,2710191010,2007-07-01,2007-12-31,3.0
2007,2710192010,2007-07-01,2007-12-31,3.0
2007,2710192020,2007-07-01,2007-12-31,3.0
2007,2710193000,2007-07-01,2007-12-31,3.0
2007,2710194010,2007-07-01,2007-12-31,3.0
2007,2710194020,2007-07-01,2007-12-31,3.0
2007,2710194030,2007-07-01,2007-12-31,3.0
2007,2710911010,2007-07-01,2007-12-31,3.0
2007,2710912010,2007-07-01,2007-12-31,3.0
2007,2710913000,2007-07-01,2007-12-31,3.0
2007,2710914010,2007-07-01,2007-12-31,3.0
2007,2710991010,2007-07-01,2007-12-31,3.0
2007,2710992010,2007-07-01,2007-12-31,3.0
2007,2710993000,2007-07-01,2007-12-31,3.0
2007,2710994010,2007-07-01,2007-12-31,3.0
2007,2711110000,2007-01-01,2007-12-31,1.0
2007,2711120000,2007-01-01,2007-12-31,1.5
2007,2711130000,2007-01-01,2007-12-31,1.5
2007,2711210000,2007-01-01,2007-12-31,1.0
2007,2926100000,2007-01-01,2007-12-31,3.0
2007,4104110000,2007-01-01,2007-12-31,3.0
2007,4104190000,2007-01-01,2007-12-31,3.0
2007,4104410000,2007-01-01,2007-12-31,3.0
2007,4104490000,2007-01-01,2007-12-31,3.0
2007,7112300000,2007-01-01,2007-06-30,1.0
2007,7202600000,2007-07-01,2007-12-31,1.0
2007,7502101000,2007-07-01,2007-12-31,1.0
2007,7502109000,2007-07-01,2007-12-31,1.0
2007,8105203000,2007-07-01,2007-12-31,2.0
2007,8486303041,2007-01-01,2007-12-31,2.5
2007,8486305031,2007-01-01,2007-06-30,2.5
2007,8486305032,2007-01-01,2007-06-30,2.5
2007,8486305039,2007-01-01,2007-06-30,2.5
2008,0511911010,2008-01-01,2008-03-31,4.0
2008,0511911010,2008-04-01,2008-12-31,0.0
2008,1101001000,2008-08-07,2008-12-31,0.0
2008,1214101000,2008-08-07,2008-12-31,0.0
2008,1214909011,2008-08-07,2008-12-31,0.0
2008,1701910000,2008-01-01,2008-12-31,35.0
2008,1701990000,2008-01-01,2008-12-31,35.0
2008,2519901000,2008-08-07,2008-12-31,0.0
2008,2529219000,2008-08-07,2008-12-31,0.0
2008,2709001010,2008-01-01,2008-12-31,1.0
2008,2709001020,2008-01-01,2008-12-31,1.0
2008,2709001030,2008-01-01,2008-12-31,1.0
2008,2709001040,2008-01-01,2008-12-31,1.0
2008,2709001050,2008-01-01,2008-12-31,1.0
2008,2709001060,2008-01-01,2008-12-31,1.0
2008,2709001070,2008-01-01,2008-12-31,1.0
2008,2709001080,2008-01-01,2008-12-31,1.0
2008,2709001090,2008-01-01,2008-12-31,1.0
2008,2709002000,2008-01-01,2008-12-31,1.0
2008,2710111000,2008-01-01,2008-03-31,3.0
2008,2710111000,2008-04-01,2008-12-31,1.0
2008,2710112000,2008-01-01,2008-03-31,3.0
2008,2710112000,2008-04-01,2008-12-31,1.0
2008,2710119000,2008-01-01,2008-03-31,3.0
2008,2710119000,2008-04-01,2008-12-31,1.0
2008,2710191010,2008-01-01,2008-03-31,3.0
2008,2710191010,2008-04-01,2008-12-31,1.0
2008,2710192010,2008-01-01,2008-03-31,3.0
2008,2710192010,2008-04-01,2008-12-31,1.0
2008,2710192020,2008-01-01,2008-03-31,3.0
2008,2710192020,2008-04-01,2008-12-31,1.0
2008,2710193000,2008-01-01,2008-03-31,3.0
2008,2710193000,2008-04-01,2008-12-31,1.0
2008,2710194010,2008-01-01,2008-03-31,3.0
2008,2710194010,2008-04-01,2008-12-31,1.0
2008,2710194020,2008-01-01,2008-03-31,3.0
2008,2710194020,2008-04-01,2008-12-31,1.0
2008,2710194030,2008-01-01,2008-03-31,3.0
2008,2710194030,2008-04-01,2008-12-31,1.0
2008,2710911010,2008-01-01,2008-03-31,3.0
2008,2710911010,2008-04-01,2008-12-31,1.0
2008,2710912010,2008-01-01,2008-03-31,3.0
2008,2710912010,2008-04-01,2008-12-31,1.0
2008,2710913000,2008-01-01,2008-03-31,3.0
2008,2710913000,2008-04-01,2008-12-31,1.0
2008,2710914010,2008-01-01,2008-03-31,3.0
2008,2710914010,2008-04-01,2008-12-31,1.0
2008,2710991010,2008-01-01,2008-03-31,3.0
2008,2710991010,2008-04-01,2008-12-31,1.0
2008,2710992010,2008-01-01,2008-03-31,3.0
2008,2710992010,2008-04-01,2008-12-31,1.0
2008,2710993000,2008-01-01,2008-03-31,3.0
2008,2710993000,2008-04-01,2008-12-31,1.0
2008,2710994010,2008-01-01,2008-03-31,3.0
2008,2710994010,2008-04-01,2008-12-31,1.0
2008,2711110000,2008-01-01,2008-12-31,1.0
2008,2711120000,2008-01-01,2008-03-31,1.5
2008,2711120000,2008-04-01,2008-12-31,0.0
2008,2711130000,2008-01-01,2008-03-31,1.5
2008,2711130000,2008-04-01,2008-12-31,0.0
2008,2711210000,2008-01-01,2008-12-31,1.0
2008,2814100000,2008-04-01,2008-12-31,0.0
2008,2822001091,2008-01-01,2008-03-31,3.0
2008,2822001091,2008-04-01,2008-12-31,0.0
2008,2825301000,2008-04-01,2008-12-31,0.0
2008,2825501000,2008-04-01,2008-12-31,0.0
2008,2836200000,2008-08-07,2008-12-31,0.0
2008,2849200000,2008-08-07,2008-12-31,0.0
2008,2905110000,2008-08-07,2008-12-31,0.0
2008,2905193000,2008-08-07,2008-12-31,0.0
2008,2905199020,2008-08-07,2008-12-31,0.0
2008,2905199030,2008-08-07,2008-12-31,0.0
2008,2912600000,2008-08-07,2008-12-31,0.0
2008,2914120000,2008-08-07,2008-12-31,0.0
2008,2917393000,2008-08-07,2008-12-31,0.0
2008,2921599030,2008-08-07,2008-12-31,0.0
2008,2926100000,2008-01-01,2008-08-06,3.0
2008,2926100000,2008-08-07,2008-12-31,0.0
2008,2930909099,2008-04-01,2008-12-31,0.0
2008,2933610000,2008-08-07,2008-12-31,0.0
2008,2933691000,2008-08-07,2008-12-31,0.0
2008,3901101000,2008-04-01,2008-08-06,4.0
2008,3901101000,2008-08-07,2008-12-31,0.0
2008,3901109000,2008-04-01,2008-08-06,4.0
2008,3901109000,2008-08-07,2008-12-31,0.0
2008,3901209000,2008-04-01,2008-08-06,3.0
2008,3901209000,2008-08-07,2008-12-31,0.0
2008,3902100000,2008-04-01,2008-08-06,4.0
2008,3902100000,2008-08-07,2008-12-31,0.0
2008,3903300000,2008-04-01,2008-12-31,4.0
2008,3907700000,2008-04-01,2008-12-31,0.0
2008,4007001000,2008-08-07,2008-12-31,0.0
2008,4101201000,2008-04-01,2008-12-31,0.0
2008,4101501011,2008-04-01,2008-12-31,0.0
2008,4101501012,2008-04-01,2008-12-31,0.0
2008,4101501013,2008-04-01,2008-12-31,0.0
2008,4101501014,2008-04-01,2008-12-31,0.0
2008,4101501019,2008-04-01,2008-12-31,0.0
2008,4101501021,2008-04-01,2008-12-31,0.0
2008,4101501022,2008-04-01,2008-12-31,0.0
2008,4101501023,2008-04-01,2008-12-31,0.0
2008,4101501024,2008-04-01,2008-12-31,0.0
2008,4101501029,2008-04-01,2008-12-31,0.0
2008,4101501090,2008-04-01,2008-12-31,0.0
2008,4101901011,2008-04-01,2008-12-31,0.0
2008,4101901019,2008-04-01,2008-12-31,0.0
2008,4101901091,2008-04-01,2008-12-31,0.0
2008,4101901099,2008-04-01,2008-12-31,0.0
2008,4102100000,2008-04-01,2008-12-31,0.0
2008,4102211000,2008-04-01,2008-12-31,0.0
2008,4102291000,2008-04-01,2008-12-31,0.0
2008,4103201010,2008-04-01,2008-12-31,0.0
2008,4103201020,2008-04-01,2008-12-31,0.0
2008,4103201030,2008-04-01,2008-12-31,0.0
2008,4103201090,2008-04-01,2008-12-31,0.0
2008,4103301000,2008-04-01,2008-12-31,0.0
2008,4103901010,2008-04-01,2008-12-31,0.0
2008,4103901020,2008-04-01,2008-12-31,0.0
2008,4103901030,2008-04-01,2008-12-31,0.0
2008,4103901090,2008-04-01,2008-12-31,0.0
2008,4104110000,2008-01-01,2008-03-31,2.5
2008,4104110000,2008-04-01,2008-12-31,0.0
2008,4104190000,2008-01-01,2008-03-31,2.5
2008,4104190000,2008-04-01,2008-12-31,0.0
2008,4104410000,2008-01-01,2008-03-31,2.5
2008,4104410000,2008-04-01,2008-12-31,0.0
2008,4104490000,2008-01-01,2008-03-31,2.5
2008,4104490000,2008-04-01,2008-12-31,0.0
2008,5504101000,2008-04-01,2008-12-31,0.0
2008,5504102000,2008-04-01,2008-12-31,0.0
2008,5504109000,2008-04-01,2008-12-31,0.0
2008,5504902000,2008-04-01,2008-12-31,0.0
2008,7014009020,2008-08-07,2008-12-31,0.0
2008,7108121000,2008-01-01,2008-12-31,0.0
2008,7108129000,2008-01-01,2008-12-31,0.0
2008,7110110000,2008-04-01,2008-12-31,0.0
2008,7110310000,2008-04-01,2008-12-31,0.0
2008,7112911000,2008-01-01,2008-03-31,1.0
2008,7112911000,2008-04-01,2008-12-31,0.0
2008,7112991000,2008-01-01,2008-03-31,1.0
2008,7112991000,2008-04-01,2008-12-31,0.0
2008,7202210000,2008-04-01,2008-12-31,0.0
2008,7202410000,2008-04-01,2008-12-31,0.0
2008,7202600000,2008-01-01,2008-03-31,1.0
2008,7202600000,2008-04-01,2008-12-31,0.0
2008,7205210000,2008-04-01,2008-12-31,0.0
2008,7205290000,2008-04-01,2008-12-31,0.0
2008,7502101000,2008-01-01,2008-03-31,1.0
2008,7502101000,2008-04-01,2008-12-31,0.0
2008,7502109000,2008-01-01,2008-03-31,1.0
2008,7502109000,2008-04-01,2008-12-31,0.0
2008,7504001000,2008-04-01,2008-12-31,0.0
2008,7505110000,2008-08-07,2008-12-31,0.0
2008,7505120000,2008-08-07,2008-12-31,0.0
2008,7505210000,2008-08-07,2008-12-31,0.0
2008,7505220000,2008-08-07,2008-12-31,0.0
2008,7506101000,2008-08-07,2008-12-31,0.0
2008,7506102000,2008-08-07,2008-12-31,0.0
2008,7506201000,2008-08-07,2008-12-31,0.0
2008,7506202000,2008-08-07,2008-12-31,0.0
2008,7601100000,2008-08-07,2008-12-31,0.0
2008,8001100000,2008-04-01,2008-12-31,0.0
2008,8001200000,2008-04-01,2008-12-31,0.0
2008,8104110000,2008-04-01,2008-12-31,0.0
2008,8104190000,2008-04-01,2008-12-31,0.0
2008,8105203000,2008-01-01,2008-03-31,1.0
2008,8105203000,2008-04-01,2008-12-31,0.0
2008,8111000000,2008-08-07,2008-12-31,0.0
2008,8475291000,2008-04-01,2008-12-31,0.0
2008,8486303041,2008-01-01,2008-03-31,2.5
2008,8486305010,2008-04-01,2008-12-31,0.0
2008,8486305031,2008-01-01,2008-03-31,2.5
2008,8486305032,2008-04-01,2008-12-31,0.0
2008,8545110000,2008-04-01,2008-12-31,0.0
2009,1101001000,2009-01-01,2009-06-30,2.0
2009,1214101000,2009-01-01,2009-06-30,0.0
2009,1214909011,2009-01-01,2009-06-30,0.0
2009,1701111000,2009-07-01,2009-12-31,0.0
2009,1701112000,2009-05-21,2009-12-31,0.0
2009,1701121000,2009-07-01,2009-12-31,0.0
2009,1701122000,2009-05-21,2009-12-31,0.0
2009,1701910000,2009-01-01,2009-12-31,35.0
2009,1701990000,2009-01-01,2009-12-31,35.0
2009,2504101000,2009-07-01,2009-12-31,2.0
2009,2519901000,2009-01-01,2009-06-30,0.0
2009,2519901000,2009-07-01,2009-12-31,2.0
2009,2709001010,2009-01-01,2009-01-31,1.0
2009,2709001010,2009-02-01,2009-02-28,2.0
2009,2709001020,2009-01-01,2009-01-31,1.0
2009,2709001020,2009-02-01,2009-02-28,2.0
2009,2709001030,2009-01-01,2009-01-31,1.0
2009,2709001030,2009-02-01,2009-02-28,2.0
2009,2709001040,2009-01-01,2009-01-31,1.0
2009,2709001040,2009-02-01,2009-02-28,2.0
2009,2709001050,2009-01-01,2009-01-31,1.0
2009,2709001050,2009-02-01,2009-02-28,2.0
2009,2709001060,2009-01-01,2009-01-31,1.0
2009,2709001060,2009-02-01,2009-02-28,2.0
2009,2709001070,2009-01-01,2009-01-31,1.0
2009,2709001070,2009-02-01,2009-02-28,2.0
2009,2709001080,2009-01-01,2009-01-31,1.0
2009,2709001080,2009-02-01,2009-02-28,2.0
2009,2709001090,2009-01-01,2009-01-31,1.0
2009,2709001090,2009-02-01,2009-02-28,2.0
2009,2710111000,2009-01-01,2009-01-31,1.0
2009,2710111000,2009-02-01,2009-02-28,2.0
2009,2710111000,2009-03-01,2009-12-31,3.0
2009,2710112000,2009-01-01,2009-01-31,1.0
2009,2710112000,2009-02-01,2009-02-28,2.0
2009,2710112000,2009-03-01,2009-12-31,3.0
2009,2710119000,2009-01-01,2009-01-31,1.0
2009,2710119000,2009-02-01,2009-02-28,2.0
2009,2710119000,2009-03-01,2009-12-31,3.0
2009,2710191010,2009-01-01,2009-01-31,1.0
2009,2710191010,2009-02-01,2009-02-28,2.0
2009,2710191010,2009-03-01,2009-12-31,3.0
2009,2710192010,2009-01-01,2009-01-31,1.0
2009,2710192010,2009-02-01,2009-02-28,2.0
2009,2710192010,2009-03-01,2009-12-31,3.0
2009,2710192020,2009-01-01,2009-01-31,1.0
2009,2710192020,2009-02-01,2009-02-28,2.0
2009,2710192020,2009-03-01,2009-12-31,3.0
2009,2710193000,2009-01-01,2009-01-31,1.0
2009,2710193000,2009-02-01,2009-02-28,2.0
2009,2710193000,2009-03-01,2009-12-31,3.0
2009,2710194010,2009-01-01,2009-01-31,1.0
2009,2710194010,2009-02-01,2009-02-28,2.0
2009,2710194010,2009-03-01,2009-12-31,3.0
2009,2710194020,2009-01-01,2009-01-31,1.0
2009,2710194020,2009-02-01,2009-02-28,2.0
2009,2710194020,2009-03-01,2009-12-31,3.0
2009,2710194030,2009-01-01,2009-01-31,1.0
2009,2710194030,2009-02-01,2009-02-28,2.0
2009,2710194030,2009-03-01,2009-12-31,3.0
2009,2710911010,2009-01-01,2009-01-31,1.0
2009,2710911010,2009-02-01,2009-02-28,2.0
2009,2710911010,2009-03-01,2009-12-31,3.0
2009,2710912010,2009-01-01,2009-01-31,1.0
2009,2710912010,2009-02-01,2009-02-28,2.0
2009,2710912010,2009-03-01,2009-12-31,3.0
2009,2710913000,2009-01-01,2009-01-31,1.0
2009,2710913000,2009-02-01,2009-02-28,2.0
2009,2710913000,2009-03-01,2009-12-31,3.0
2009,2710914010,2009-01-01,2009-01-31,1.0
2009,2710914010,2009-02-01,2009-02-28,2.0
2009,2710914010,2009-03-01,2009-12-31,3.0
2009,2710991010,2009-01-01,2009-01-31,1.0
2009,2710991010,2009-02-01,2009-02-28,2.0
2009,2710991010,2009-03-01,2009-12-31,3.0
2009,2710992010,2009-01-01,2009-01-31,1.0
2009,2710992010,2009-02-01,2009-02-28,2.0
2009,2710992010,2009-03-01,2009-12-31,3.0
2009,2710993000,2009-01-01,2009-01-31,1.0
2009,2710993000,2009-02-01,2009-02-28,2.0
2009,2710993000,2009-03-01,2009-12-31,3.0
2009,2710994010,2009-01-01,2009-01-31,1.0
2009,2710994010,2009-02-01,2009-02-28,2.0
2009,2710994010,2009-03-01,2009-12-31,3.0
2009,2711110000,2009-01-01,2009-06-30,1.0
2009,2711110000,2009-07-01,2009-12-31,2.0
2009,2711120000,2009-01-01,2009-02-28,0.0
2009,2711120000,2009-03-01,2009-06-30,1.0
2009,2711120000,2009-07-01,2009-12-31,2.0
2009,2711130000,2009-01-01,2009-02-28,0.0
2009,2711130000,2009-03-01,2009-06-30,1.0
2009,2711130000,2009-07-01,2009-12-31,2.0
2009,2711210000,2009-01-01,2009-06-30,1.0
2009,2711210000,2009-07-01,2009-12-31,2.0
2009,2804690000,2009-01-01,2009-06-30,1.0
2009,2814100000,2009-01-01,2009-06-30,0.0
2009,2836200000,2009-01-01,2009-06-30,0.0
2009,2849200000,2009-01-01,2009-06-30,0.0
2009,2849200000,2009-07-01,2009-12-31,1.0
2009,2914120000,2009-01-01,2009-06-30,0.0
2009,2921599030,2009-01-01,2009-06-30,0.0
2009,2930909099,2009-07-01,2009-12-31,4.0
2009,2933610000,2009-01-01,2009-06-30,1.0
2009,3801300000,2009-07-01,2009-12-31,4.0
2009,4007001000,2009-01-01,2009-06-30,4.0
2009,4101201000,2009-01-01,2009-06-30,0.0
2009,4101501011,2009-01-01,2009-06-30,0.0
2009,4101501012,2009-01-01,2009-06-30,0.0
2009,4101501013,2009-01-01,2009-06-30,0.0
2009,4101501014,2009-01-01,2009-06-30,0.0
2009,4101501019,2009-01-01,2009-06-30,0.0
2009,4101501021,2009-01-01,2009-06-30,0.0
2009,4101501022,2009-01-01,2009-06-30,0.0
2009,4101501023,2009-01-01,2009-06-30,0.0
2009,4101501024,2009-01-01,2009-06-30,0.0
2009,4101501029,2009-01-01,2009-06-30,0.0
2009,4101501090,2009-01-01,2009-06-30,0.0
2009,4101901011,2009-01-01,2009-06-30,0.0
2009,4101901019,2009-01-01,2009-06-30,0.0
2009,4101901091,2009-01-01,2009-06-30,0.0
2009,4101901099,2009-01-01,2009-06-30,0.0
2009,4102100000,2009-01-01,2009-06-30,0.0
2009,4102211000,2009-01-01,2009-06-30,0.0
2009,4102291000,2009-01-01,2009-06-30,0.0
2009,4103201010,2009-01-01,2009-06-30,0.0
2009,4103201020,2009-01-01,2009-06-30,0.0
2009,4103201030,2009-01-01,2009-06-30,0.0
2009,4103201090,2009-01-01,2009-06-30,0.0
2009,4103301000,2009-01-01,2009-06-30,0.0
2009,4103901010,2009-01-01,2009-06-30,0.0
2009,4103901020,2009-01-01,2009-06-30,0.0
2009,4103901030,2009-01-01,2009-06-30,0.0
2009,4103901090,2009-01-01,2009-06-30,0.0
2009,4104110000,2009-01-01,2009-06-30,2.0
2009,4104190000,2009-01-01,2009-06-30,2.0
2009,4104410000,2009-01-01,2009-06-30,2.0
2009,4104490000,2009-01-01,2009-06-30,2.0
2009,4408109100,2009-07-01,2009-12-31,2.0
2009,4408319011,2009-07-01,2009-12-31,2.0
2009,4408319021,2009-07-01,2009-12-31,2.0
2009,4408399011,2009-07-01,2009-12-31,2.0
2009,4408399021,2009-07-01,2009-12-31,2.0
2009,4408399031,2009-07-01,2009-12-31,2.0
2009,4408399041,2009-07-01,2009-12-31,2.0
2009,4408399051,2009-07-01,2009-12-31,2.0
2009,4408399091,2009-07-01,2009-12-31,2.0
2009,4408909150,2009-07-01,2009-12-31,2.0
2009,4408909210,2009-07-01,2009-12-31,2.0
2009,4408909370,2009-07-01,2009-12-31,2.0
2009,4408909410,2009-07-01,2009-12-31,2.0
2009,4408909912,2009-07-01,2009-12-31,2.0
2009,4408909991,2009-07-01,2009-12-31,2.0
2009,5403100000,2009-07-01,2009-12-31,1.0
2009,5403311000,2009-07-01,2009-12-31,1.0
2009,5403319000,2009-07-01,2009-12-31,1.0
2009,5403321000,2009-07-01,2009-12-31,1.0
2009,5403329000,2009-07-01,2009-12-31,1.0
2009,5403411000,2009-07-01,2009-12-31,1.0
2009,5403419000,2009-07-01,2009-12-31,1.0
2009,5504101000,2009-01-01,2009-06-30,0.0
2009,5504101000,2009-07-01,2009-12-31,1.0
2009,5504102000,2009-01-01,2009-06-30,0.0
2009,5504102000,2009-07-01,2009-12-31,1.0
2009,5504109000,2009-01-01,2009-06-30,0.0
2009,5504109000,2009-07-01,2009-12-31,1.0
2009,5504902000,2009-01-01,2009-06-30,0.0
2009,5504902000,2009-07-01,2009-12-31,2.0
2009,7014009020,2009-01-01,2009-12-31,3.0
2009,7202210000,2009-01-01,2009-06-30,0.0
2009,7202410000,2009-01-01,2009-06-30,0.0
2009,7202490000,2009-01-01,2009-06-30,0.0
2009,7205210000,2009-07-01,2009-12-31,3.0
2009,7205290000,2009-01-01,2009-06-30,2.0
2009,7205290000,2009-07-01,2009-12-31,3.0
2009,8105203000,2009-01-01,2009-06-30,0.0
2009,8486303041,2009-01-01,2009-06-30,0.0
2009,8486303041,2009-07-01,2009-12-31,4.0
2009,8486305031,2009-01-01,2009-06-30,3.0
2009,8486305031,2009-07-01,2009-12-31,4.0
2010,0704902000,2010-10-12,2010-12-31,0.0
2010,0706901000,2010-10-12,2010-12-31,0.0
2010,1701111000,2010-01-01,2010-12-31,0.0
2010,1701112000,2010-01-01,2010-12-31,0.0
2010,1701121000,2010-01-01,2010-12-31,0.0
2010,1701122000,2010-01-01,2010-12-31,0.0
2010,1701910000,2010-01-01,2010-08-24,35.0
2010,1701990000,2010-01-01,2010-08-24,35.0
2010,2504101000,2010-01-01,2010-12-31,1.0
2010,2710111000,2010-01-01,2010-12-31,3.0
2010,2710112000,2010-01-01,2010-12-31,3.0
2010,2710119000,2010-01-01,2010-12-31,3.0
2010,2710191010,2010-01-01,2010-12-31,3.0
2010,2710192010,2010-01-01,2010-12-31,3.0
2010,2710192020,2010-01-01,2010-12-31,3.0
2010,2710193000,2010-01-01,2010-12-31,3.0
2010,2710194010,2010-01-01,2010-12-31,3.0
2010,2710194020,2010-01-01,2010-12-31,3.0
2010,2710194030,2010-01-01,2010-12-31,3.0
2010,2710911010,2010-01-01,2010-12-31,3.0
2010,2710912010,2010-01-01,2010-12-31,3.0
2010,2710913000,2010-01-01,2010-12-31,3.0
2010,2710914010,2010-01-01,2010-12-31,3.0
2010,2710991010,2010-01-01,2010-12-31,3.0
2010,2710992010,2010-01-01,2010-12-31,3.0
2010,2710993000,2010-01-01,2010-12-31,3.0
2010,2710994010,2010-01-01,2010-12-31,3.0
2010,2711110000,2010-01-01,2010-12-31,2.0
2010,2711120000,2010-01-01,2010-12-31,2.0
2010,2711130000,2010-01-01,2010-12-31,2.0
2010,2711210000,2010-01-01,2010-12-31,2.0
2010,2930909099,2010-01-01,2010-12-31,4.0
2010,3004509000,2010-10-12,2010-12-31,4.0
2010,3303001000,2010-10-12,2010-12-31,4.0
2010,3303002000,2010-10-12,2010-12-31,4.0
2010,3304101000,2010-10-12,2010-12-31,4.0
2010,3304109000,2010-10-12,2010-12-31,4.0
2010,3304201000,2010-10-12,2010-12-31,4.0
2010,3304209000,2010-10-12,2010-12-31,4.0
2010,3304301000,2010-10-12,2010-12-31,4.0
2010,3304309000,2010-10-12,2010-12-31,4.0
2010,3304911000,2010-10-12,2010-12-31,4.0
2010,3304919000,2010-10-12,2010-12-31,4.0
2010,3304991000,2010-10-12,2010-12-31,4.0
2010,3304992000,2010-10-12,2010-12-31,4.0
2010,3304993000,2010-10-12,2010-12-31,4.0
2010,3304999000,2010-10-12,2010-12-31,4.0
2010,3305100000,2010-10-12,2010-12-31,4.0
2010,3305200000,2010-10-12,2010-12-31,4.0
2010,3305300000,2010-10-12,2010-12-31,4.0
2010,3305901000,2010-10-12,2010-12-31,4.0
2010,3305902000,2010-10-12,2010-12-31,4.0
2010,3305909000,2010-10-12,2010-12-31,4.0
2010,3307101000,2010-10-12,2010-12-31,4.0
2010,3307109000,2010-10-12,2010-12-31,4.0
2010,3307200000,2010-10-12,2010-12-31,4.0
2010,3307301000,2010-10-12,2010-12-31,4.0
2010,3307302000,2010-10-12,2010-12-31,4.0
2010,3307902000,2010-10-12,2010-12-31,4.0
2010,3401119000,2010-10-12,2010-12-31,4.0
2010,3401300000,2010-10-12,2010-12-31,4.0
2010,3402201000,2010-10-12,2010-12-31,4.0
2010,3402902000,2010-01-01,2010-12-31,4.0
2010,4408109100,2010-01-01,2010-12-31,2.0
2010,4408319011,2010-01-01,2010-12-31,2.0
2010,4408319021,2010-01-01,2010-12-31,2.0
2010,4408399011,2010-01-01,2010-12-31,2.0
2010,4408399021,2010-01-01,2010-12-31,2.0
2010,4408399031,2010-01-01,2010-12-31,2.0
2010,4408399041,2010-01-01,2010-12-31,2.0
2010,4408399051,2010-01-01,2010-12-31,2.0
2010,4408399091,2010-01-01,2010-12-31,2.0
2010,4408909150,2010-01-01,2010-12-31,2.0
2010,4408909210,2010-01-01,2010-12-31,2.0
2010,4408909370,2010-01-01,2010-12-31,2.0
2010,4408909410,2010-01-01,2010-12-31,2.0
2010,4408909912,2010-01-01,2010-12-31,2.0
2010,4408909991,2010-01-01,2010-12-31,2.0
2010,5403100000,2010-01-01,2010-12-31,1.0
2010,5403311000,2010-01-01,2010-12-31,1.0
2010,5403319000,2010-01-01,2010-12-31,1.0
2010,5403321000,2010-01-01,2010-12-31,1.0
2010,5403329000,2010-01-01,2010-12-31,1.0
2010,5403411000,2010-01-01,2010-12-31,1.0
2010,5403419000,2010-01-01,2010-12-31,1.0
2010,5504101000,2010-01-01,2010-12-31,1.0
2010,5504102000,2010-01-01,2010-12-31,1.0
2010,5504109000,2010-01-01,2010-12-31,1.0
2010,5504902000,2010-01-01,2010-12-31,2.0
2010,7112919000,2010-01-01,2010-12-31,1.0
2010,7205210000,2010-01-01,2010-12-31,3.0
2010,7205290000,2010-01-01,2010-12-31,3.0
2010,8475291000,2010-01-01,2010-12-31,4.0
2010,8486303041,2010-01-01,2010-12-31,4.0
2010,8486305031,2010-01-01,2010-12-31,4.0
2011,0203199000,2011-07-01,2011-12-31,0.0
2011,0303740000,2011-01-28,2011-06-30,0.0
2011,0704902000,2011-08-11,2011-09-30,0.0
2011,0706901000,2011-08-11,2011-09-30,0.0
2011,0803000000,2011-08-11,2011-09-30,0.0
2011,0804300000,2011-08-11,2011-09-30,0.0
2011,0806200000,2011-05-12,2011-12-31,8.0
2011,0901110000,2011-01-28,2011-12-31,0.0
2011,0901120000,2011-01-28,2011-12-31,0.0
2011,1101001000,2011-01-01,2011-06-30,2.5
2011,1101001000,2011-07-01,2011-12-31,0.0
2011,1106300000,2011-03-07,2011-12-31,0.0
2011,1507101000,2011-01-01,2011-03-06,4.0
2011,1507101000,2011-03-07,2011-12-31,2.5
2011,1509100000,2011-01-01,2011-03-06,4.0
2011,1509100000,2011-03-07,2011-12-31,0.0
2011,1509900000,2011-01-01,2011-03-06,4.0
2011,1509900000,2011-03-07,2011-12-31,0.0
2011,1512111000,2011-07-01,2011-12-31,0.0
2011,1512191010,2011-01-01,2011-03-06,4.0
2011,1512191010,2011-03-07,2011-12-31,0.0
2011,1514110000,2011-01-01,2011-03-06,4.0
2011,1514110000,2011-03-07,2011-12-31,0.0
2011,1514911000,2011-01-01,2011-03-06,4.0
2011,1514911000,2011-03-07,2011-12-31,0.0
2011,1515210000,2011-01-01,2011-03-06,4.0
2011,1515210000,2011-03-07,2011-12-31,0.0
2011,1515290000,2011-01-01,2011-03-06,4.0
2011,1515290000,2011-03-07,2011-12-31,0.0
2011,1515909010,2011-05-12,2011-12-31,0.0
2011,1515909090,2011-01-01,2011-03-06,4.0
2011,1515909090,2011-03-07,2011-06-30,0.0
2011,1701111000,2011-01-01,2011-12-31,0.0
2011,1701112000,2011-01-01,2011-12-31,0.0
2011,1701121000,2011-01-01,2011-12-31,0.0
2011,1701122000,2011-01-01,2011-12-31,0.0
2011,1801001000,2011-03-07,2011-12-31,0.0
2011,1806201000,2011-03-07,2011-12-31,0.0
2011,1905901040,2011-01-01,2011-06-30,6.0
2011,2519901000,2011-01-01,2011-12-31,1.0
2011,2620300000,2011-03-07,2011-12-31,0.0
2011,2620990000,2011-03-07,2011-12-31,0.0
2011,2710111000,2011-01-01,2011-12-31,3.0
2011,2710112000,2011-01-01,2011-12-31,3.0
2011,2710191010,2011-01-01,2011-12-31,3.0
2011,2710192010,2011-01-01,2011-12-31,3.0
2011,2710192020,2011-01-01,2011-12-31,3.0
2011,2710193000,2011-01-01,2011-12-31,3.0
2011,2710194010,2011-01-01,2011-12-31,3.0
2011,2710194020,2011-01-01,2011-12-31,3.0
2011,2710194030,2011-01-01,2011-12-31,3.0
2011,2710911010,2011-01-01,2011-12-31,3.0
2011,2710912010,2011-01-01,2011-12-31,3.0
2011,2710913000,2011-01-01,2011-12-31,3.0
2011,2710914010,2011-01-01,2011-12-31,3.0
2011,2710991010,2011-01-01,2011-12-31,3.0
2011,2710992010,2011-01-01,2011-12-31,3.0
2011,2710993000,2011-01-01,2011-12-31,3.0
2011,2710994010,2011-01-01,2011-12-31,3.0
2011,2711110000,2011-01-01,2011-12-31,2.0
2011,2711120000,2011-01-01,2011-05-29,2.0
2011,2711130000,2011-01-01,2011-05-29,2.0
2011,2711130000,2011-05-30,2011-12-31,0.0
2011,2711210000,2011-01-01,2011-12-31,2.0
2011,2713110000,2011-03-07,2011-12-31,3.0
2011,2814100000,2011-01-01,2011-12-31,0.0
2011,2833110000,2011-07-01,2011-12-31,1.0
2011,2836200000,2011-07-01,2011-12-31,1.0
2011,2849200000,2011-01-01,2011-12-31,3.0
2011,3004509000,2011-01-01,2011-06-30,4.0
2011,3102109000,2011-07-01,2011-12-31,4.0
2011,3206110000,2011-07-01,2011-12-31,3.0
2011,3303001000,2011-01-01,2011-06-30,4.0
2011,3303002000,2011-01-01,2011-06-30,4.0
2011,3304101000,2011-01-01,2011-06-30,4.0
2011,3304109000,2011-01-01,2011-06-30,4.0
2011,3304201000,2011-01-01,2011-06-30,4.0
2011,3304209000,2011-01-01,2011-06-30,4.0
2011,3304301000,2011-01-01,2011-06-30,4.0
2011,3304309000,2011-01-28,2011-05-11,4.0
2011,3304911000,2011-01-01,2011-06-30,4.0
2011,3304919000,2011-01-28,2011-05-11,4.0
2011,3304991000,2011-01-28,2011-05-11,4.0
2011,3304992000,2011-01-28,2011-05-11,4.0
2011,3304993000,2011-01-28,2011-05-11,4.0
2011,3304999000,2011-01-01,2011-06-30,4.0
2011,3305100000,2011-01-01,2011-06-30,4.0
2011,3305200000,2011-01-01,2011-06-30,4.0
2011,3305300000,2011-01-01,2011-06-30,4.0
2011,3305901000,2011-01-01,2011-06-30,4.0
2011,3305902000,2011-01-01,2011-06-30,4.0
2011,3305909000,2011-01-01,2011-06-30,4.0
2011,3307101000,2011-01-01,2011-06-30,4.0
2011,3307109000,2011-01-01,2011-06-30,4.0
2011,3307200000,2011-01-01,2011-06-30,4.0
2011,3307301000,2011-01-01,2011-06-30,4.0
2011,3307302000,2011-01-01,2011-06-30,4.0
2011,3307902000,2011-01-01,2011-06-30,4.0
2011,3401119000,2011-01-01,2011-06-30,4.0
2011,3401200000,2011-01-28,2011-12-31,0.0
2011,3401300000,2011-01-01,2011-06-30,4.0
2011,3402201000,2011-01-01,2011-12-31,4.0
2011,3402902000,2011-01-01,2011-12-31,4.0
2011,3823704000,2011-01-28,2011-12-31,0.0
2011,4105100000,2011-07-01,2011-12-31,3.0
2011,4105300000,2011-07-01,2011-12-31,3.0
2011,4106210000,2011-07-01,2011-12-31,3.0
2011,4106220000,2011-07-01,2011-12-31,3.0
2011,4408109100,2011-01-01,2011-12-31,2.0
2011,4408319011,2011-01-01,2011-12-31,2.0
2011,4408319021,2011-01-01,2011-12-31,2.0
2011,4408399011,2011-01-01,2011-12-31,2.0
2011,4408399021,2011-01-01,2011-12-31,2.0
2011,4408399031,2011-01-01,2011-12-31,2.0
2011,4408399041,2011-01-01,2011-12-31,2.0
2011,4408399051,2011-01-01,2011-12-31,2.0
2011,4408399091,2011-01-01,2011-12-31,2.0
2011,4408909150,2011-01-01,2011-12-31,2.0
2011,4408909210,2011-01-01,2011-12-31,2.0
2011,4408909370,2011-01-01,2011-12-31,2.0
2011,4408909410,2011-01-01,2011-12-31,2.0
2011,4408909912,2011-01-01,2011-12-31,2.0
2011,4408909991,2011-01-01,2011-12-31,2.0
2011,5205121010,2011-03-07,2011-12-31,0.0
2011,5205321010,2011-03-07,2011-12-31,0.0
2011,5205331000,2011-07-01,2011-12-31,0.0
2011,5403100000,2011-05-12,2011-12-31,0.0
2011,5403311000,2011-05-12,2011-12-31,0.0
2011,5403319000,2011-05-12,2011-12-31,0.0
2011,5403321000,2011-05-12,2011-12-31,0.0
2011,5403329000,2011-05-12,2011-12-31,0.0
2011,5403331000,2011-01-28,2011-05-11,4.0
2011,5403339000,2011-01-01,2011-12-31,4.0
2011,5403411000,2011-05-12,2011-12-31,0.0
2011,5403419000,2011-05-12,2011-12-31,0.0
2011,5403421000,2011-01-01,2011-12-31,4.0
2011,5403429000,2011-01-01,2011-12-31,4.0
2011,5504101000,2011-03-07,2011-12-31,0.0
2011,5504102000,2011-03-07,2011-12-31,0.0
2011,5504109000,2011-03-07,2011-12-31,0.0
2011,5504902000,2011-03-07,2011-12-31,0.0
2011,6111201000,2011-01-01,2011-06-30,8.0
2011,6111301000,2011-01-01,2011-06-30,8.0
2011,6111901000,2011-01-01,2011-06-30,8.0
2011,6209201000,2011-01-01,2011-06-30,8.0
2011,6209301000,2011-01-01,2011-06-30,8.0
2011,6209901010,2011-01-01,2011-06-30,8.0
2011,6209901090,2011-01-01,2011-06-30,8.0
2011,7002201000,2011-07-01,2011-12-31,1.0
2011,7002311000,2011-07-01,2011-12-31,1.0
2011,7020001013,2011-07-01,2011-12-31,1.0
2011,7112911000,2011-03-07,2011-06-30,0.0
2011,7112919000,2011-01-01,2011-12-31,1.0
2011,7112991000,2011-03-07,2011-06-30,0.0
2011,7202210000,2011-03-07,2011-12-31,0.0
2011,7202410000,2011-03-07,2011-12-31,0.0
2011,7202490000,2011-07-01,2011-12-31,0.0
2011,7202500000,2011-07-01,2011-12-31,0.0
2011,7504001000,2011-01-01,2011-12-31,3.0
2011,7601100000,2011-03-07,2011-12-31,0.0
2011,8108201000,2011-03-07,2011-12-31,0.0
2011,8108909000,2011-07-01,2011-12-31,3.0
2011,8111000000,2011-07-01,2011-12-31,0.0
2011,8475291000,2011-01-01,2011-12-31,4.0
2011,8486303042,2011-01-01,2011-12-31,4.0
2011,8486303043,2011-01-01,2011-12-31,4.0
2011,8486305041,2011-01-01,2011-12-31,4.0
2011,8486305051,2011-01-01,2011-12-31,4.0
2011,8715000000,2011-01-01,2011-12-31,0.0
2012,0703909000,2012-07-24,2012-08-31,0.0
2012,0806200000,2012-01-01,2012-06-30,8.0
2012,1214101000,2012-01-01,2012-12-31,0.0
2012,1214909011,2012-01-01,2012-12-31,0.0
2012,1507101000,2012-01-01,2012-06-30,2.5
2012,1507101000,2012-07-01,2012-12-31,3.0
2012,1509100000,2012-01-01,2012-06-30,0.0
2012,1509100000,2012-07-01,2012-12-31,3.0
2012,1509900000,2012-01-01,2012-06-30,0.0
2012,1509900000,2012-07-01,2012-12-31,3.0
2012,1512111000,2012-01-01,2012-06-30,0.0
2012,1512111000,2012-07-01,2012-12-31,3.0
2012,1512191010,2012-01-01,2012-06-30,0.0
2012,1512191010,2012-07-01,2012-12-31,3.0
2012,1514110000,2012-01-01,2012-06-30,0.0
2012,1514110000,2012-07-01,2012-12-31,3.0
2012,1514911000,2012-01-01,2012-06-30,0.0
2012,1514911000,2012-07-01,2012-12-31,3.0
2012,1515909010,2012-01-01,2012-06-30,0.0
2012,1515909010,2012-07-01,2012-12-31,3.0
2012,1515909090,2012-01-01,2012-06-30,0.0
2012,1515909090,2012-07-01,2012-12-31,3.0
2012,1701121000,2012-01-01,2012-06-30,0.0
2012,1701122000,2012-01-01,2012-06-30,0.0
2012,1701130000,2012-01-01,2012-06-30,0.0
2012,1701141000,2012-01-01,2012-12-31,0.0
2012,1701142000,2012-01-01,2012-12-31,0.0
2012,1806201000,2012-01-01,2012-06-30,0.0
2012,2704001010,2012-07-01,2012-12-31,0.0
2012,2711110000,2012-01-01,2012-12-31,2.0
2012,2711120000,2012-01-01,2012-12-31,0.0
2012,2711130000,2012-01-01,2012-12-31,0.0
2012,2711210000,2012-01-01,2012-12-31,2.0
2012,2713110000,2012-01-01,2012-12-31,3.0
2012,2804690000,2012-01-01,2012-12-31,2.0
2012,2814100000,2012-01-01,2012-12-31,0.0
2012,2825501000,2012-01-01,2012-06-30,2.0
2012,2833110000,2012-01-01,2012-06-30,1.0
2012,2836200000,2012-01-01,2012-12-31,1.0
2012,2849200000,2012-01-01,2012-06-30,3.0
2012,3102109000,2012-01-01,2012-12-31,4.0
2012,3105100000,2012-07-01,2012-12-31,4.0
2012,3206110000,2012-01-01,2012-12-31,3.0
2012,3801101000,2012-01-01,2012-06-30,2.0
2012,4104110000,2012-07-01,2012-12-31,1.0
2012,4104190000,2012-07-01,2012-12-31,1.0
2012,4104410000,2012-07-01,2012-12-31,1.0
2012,4104490000,2012-07-01,2012-12-31,1.0
2012,4408109100,2012-01-01,2012-12-31,2.0
2012,4408319011,2012-01-01,2012-12-31,2.0
2012,4408319021,2012-01-01,2012-12-31,2.0
2012,4408399011,2012-01-01,2012-12-31,2.0
2012,4408399021,2012-01-01,2012-12-31,2.0
2012,4408399031,2012-01-01,2012-12-31,2.0
2012,4408399041,2012-01-01,2012-12-31,2.0
2012,4408399051,2012-01-01,2012-12-31,2.0
2012,4408399091,2012-01-01,2012-12-31,2.0
2012,4408909150,2012-01-01,2012-12-31,2.0
2012,4408909210,2012-01-01,2012-12-31,2.0
2012,4408909370,2012-01-01,2012-12-31,2.0
2012,4408909410,2012-01-01,2012-12-31,2.0
2012,4408909912,2012-01-01,2012-12-31,2.0
2012,4408909991,2012-01-01,2012-12-31,2.0
2012,5205121010,2012-01-01,2012-12-31,0.0
2012,5205321010,2012-01-01,2012-12-31,0.0
2012,5205331000,2012-01-01,2012-12-31,0.0
2012,5403100000,2012-01-01,2012-12-31,0.0
2012,5403311000,2012-01-01,2012-12-31,0.0
2012,5403319000,2012-01-01,2012-12-31,0.0
2012,5403321000,2012-01-01,2012-12-31,0.0
2012,5403329000,2012-01-01,2012-12-31,0.0
2012,5403331000,2012-01-01,2012-12-31,4.0
2012,5403339000,2012-01-01,2012-12-31,4.0
2012,5403411000,2012-01-01,2012-12-31,0.0
2012,5403419000,2012-01-01,2012-12-31,0.0
2012,5403421000,2012-01-01,2012-12-31,4.0
2012,5403429000,2012-01-01,2012-12-31,4.0
2012,5504101000,2012-01-01,2012-12-31,0.0
2012,5504102000,2012-01-01,2012-12-31,0.0
2012,5504109000,2012-01-01,2012-12-31,0.0
2012,7002201000,2012-01-01,2012-12-31,1.0
2012,7002311000,2012-01-01,2012-12-31,1.0
2012,7020001013,2012-01-01,2012-12-31,1.0
2012,7112919000,2012-01-01,2012-06-30,1.0
2012,7202210000,2012-01-01,2012-12-31,0.0
2012,7202410000,2012-01-01,2012-12-31,0.0
2012,7202490000,2012-01-01,2012-12-31,0.0
2012,7202500000,2012-01-01,2012-12-31,0.0
2012,7326909000,2012-01-01,2012-06-30,4.0
2012,7504001000,2012-01-01,2012-12-31,3.0
2012,7601100000,2012-01-01,2012-06-30,0.0
2012,8108201000,2012-01-01,2012-12-31,0.0
2012,8108909000,2012-01-01,2012-12-31,3.0
2012,8475291000,2012-01-01,2012-06-30,4.0
2012,8486303042,2012-01-01,2012-06-30,4.0
2012,8486303043,2012-01-01,2012-06-30,4.0
2012,8486305041,2012-01-01,2012-12-31,4.0
2012,8486305051,2012-01-01,2012-12-31,4.0
2013,0301922000,2013-01-01,2013-12-31,3.0
2013,1214101000,2013-01-01,2013-12-31,0.0
2013,1214909011,2013-01-01,2013-12-31,0.0
2013,1701141000,2013-01-01,2013-06-30,0.0
2013,1701142000,2013-01-01,2013-06-30,0.0
2013,2704001010,2013-01-01,2013-06-30,0.0
2013,2711110000,2013-01-01,2013-03-31,2.0
2013,2711110000,2013-10-01,2013-12-31,2.0
2013,2711120000,2013-01-01,2013-12-31,0.0
2013,2711130000,2013-01-01,2013-12-31,0.0
2013,2711210000,2013-01-01,2013-03-31,2.0
2013,2711210000,2013-10-01,2013-12-31,2.0
2013,2713110000,2013-01-01,2013-06-30,3.0
2013,2814100000,2013-01-01,2013-12-31,0.0
2013,2836200000,2013-01-01,2013-12-31,1.0
2013,3102109000,2013-01-01,2013-12-31,3.0
2013,3105100000,2013-01-01,2013-12-31,3.0
2013,4104110000,2013-01-01,2013-06-30,1.0
2013,4104190000,2013-01-01,2013-06-30,1.0
2013,4104410000,2013-01-01,2013-06-30,1.0
2013,4104490000,2013-01-01,2013-06-30,1.0
2013,5205121010,2013-01-01,2013-12-31,0.0
2013,5205321010,2013-01-01,2013-12-31,0.0
2013,5205331000,2013-01-01,2013-12-31,0.0
2013,5403100000,2013-01-01,2013-12-31,0.0
2013,5403311000,2013-01-01,2013-12-31,0.0
2013,5403319000,2013-01-01,2013-12-31,0.0
2013,5403321000,2013-01-01,2013-12-31,0.0
2013,5403329000,2013-01-01,2013-12-31,0.0
2013,5403331000,2013-01-01,2013-12-31,4.0
2013,5403339000,2013-01-01,2013-12-31,4.0
2013,5403411000,2013-01-01,2013-12-31,0.0
2013,5403419000,2013-01-01,2013-12-31,0.0
2013,5403421000,2013-01-01,2013-12-31,4.0
2013,5403429000,2013-01-01,2013-12-31,4.0
2013,5504101000,2013-01-01,2013-12-31,0.0
2013,5504102000,2013-01-01,2013-12-31,0.0
2013,5504109000,2013-01-01,2013-12-31,0.0
2013,7202210000,2013-01-01,2013-06-30,0.0
2013,7202410000,2013-01-01,2013-12-31,0.0
2013,7202490000,2013-01-01,2013-12-31,0.0
2013,7202500000,2013-01-01,2013-06-30,0.0
2013,8108201000,2013-01-01,2013-06-30,0.0
2013,8108909000,2013-01-01,2013-06-30,3.0
2013,8545110000,2013-01-01,2013-06-30,3.0
2014,0301922000,2014-01-01,2014-12-31,3.0
2014,1214101000,2014-01-01,2014-12-31,0.0
2014,1214909011,2014-01-01,2014-12-31,0.0
2014,2711110000,2014-01-01,2014-03-31,2.0
2014,2711110000,2014-10-01,2014-12-31,2.0
2014,2711120000,2014-01-01,2014-12-31,0.0
2014,2711130000,2014-01-01,2014-12-31,0.0
2014,2711210000,2014-01-01,2014-03-31,2.0
2014,2711210000,2014-10-01,2014-12-31,2.0
2014,2814100000,2014-01-01,2014-12-31,0.0
2014,2836200000,2014-01-01,2014-12-31,1.0
2014,4104110000,2014-01-01,2014-12-31,1.0
2014,4104190000,2014-01-01,2014-12-31,1.0
2014,4104410000,2014-01-01,2014-12-31,1.0
2014,4104490000,2014-01-01,2014-12-31,1.0
2014,5205121010,2014-01-01,2014-12-31,0.0
2014,5205321010,2014-01-01,2014-12-31,0.0
2014,5205331000,2014-01-01,2014-12-31,0.0
2014,5403100000,2014-01-01,2014-12-31,0.0
2014,5403311000,2014-01-01,2014-12-31,0.0
2014,5403319000,2014-01-01,2014-12-31,0.0
2014,5403321000,2014-01-01,2014-12-31,0.0
2014,5403329000,2014-01-01,2014-12-31,0.0
2014,5403411000,2014-01-01,2014-12-31,0.0
2014,5403419000,2014-01-01,2014-12-31,0.0
2014,5504101000,2014-01-01,2014-12-31,0.0
2014,5504102000,2014-01-01,2014-12-31,0.0
2014,5504109000,2014-01-01,2014-12-31,0.0
2015,1214101000,2015-01-01,2015-12-31,0.0
2015,1214909011,2015-01-01,2015-12-31,0.0
2015,2711110000,2015-01-01,2015-03-31,2.0
2015,2711110000,2015-10-01,2015-12-31,2.0
2015,2711120000,2015-01-01,2015-12-31,2.0
2015,2711130000,2015-01-01,2015-12-31,2.0
2015,2711210000,2015-01-01,2015-03-31,2.0
2015,2711210000,2015-10-01,2015-12-31,2.0
2015,2836200000,2015-01-01,2015-12-31,1.0
2015,2922212000,2015-01-01,2015-06-30,0.0
2015,3204111000,2015-01-01,2015-06-30,0.0
2015,3204119000,2015-01-01,2015-12-31,2.0
2015,3901101000,2015-01-01,2015-12-31,2.0
2015,3901109000,2015-01-01,2015-12-31,2.0
2015,3901209000,2015-01-01,2015-12-31,2.0
2015,4104110000,2015-01-01,2015-12-31,1.0
2015,4104190000,2015-01-01,2015-12-31,1.0
2015,4104410000,2015-01-01,2015-12-31,1.0
2015,4104490000,2015-01-01,2015-12-31,1.0
2015,5205331000,2015-01-01,2015-12-31,4.0
2015,8486303042,2015-07-01,2015-12-31,0.0
2015,8486303043,2015-07-01,2015-12-31,0.0
2015,8486305041,2015-07-01,2015-12-31,0.0
2015,8486305042,2015-07-01,2015-12-31,0.0
2015,8486305051,2015-07-01,2015-12-31,0.0
2015,8486305052,2015-07-01,2015-12-31,0.0
2015,8486309090,2015-07-01,2015-12-31,0.0
2016,0714102020,2016-01-01,2016-12-31,0.0
2016,1207291000,2016-01-01,2016-12-31,0.0
2016,1214101000,2016-01-01,2016-12-31,0.0
2016,1214909011,2016-01-01,2016-12-31,0.0
2016,2303200000,2016-01-01,2016-12-31,0.0
2016,2303301000,2016-01-01,2016-12-31,0.0
2016,2306100000,2016-01-01,2016-12-31,0.0
2016,2308003000,2016-01-01,2016-12-31,0.0
2016,2711110000,2016-01-01,2016-03-31,2.0
2016,2711110000,2016-10-01,2016-12-31,2.0
2016,2711120000,2016-01-01,2016-12-31,2.0
2016,2711130000,2016-01-01,2016-12-31,2.0
2016,2711210000,2016-01-01,2016-03-31,2.0
2016,2711210000,2016-10-01,2016-12-31,2.0
2016,2822001091,2016-01-01,2016-12-31,0.0
2016,2825502010,2016-01-01,2016-12-31,1.0
2016,2827412010,2016-01-01,2016-12-31,1.0
2016,2833251000,2016-01-01,2016-12-31,1.0
2016,2835299000,2016-08-01,2016-12-31,0.0
2016,2836200000,2016-01-01,2016-12-31,0.0
2016,2909309010,2016-01-01,2016-12-31,1.0
2016,2909509000,2016-01-01,2016-12-31,1.0
2016,2914709010,2016-01-01,2016-12-31,1.0
2016,2915399000,2016-01-01,2016-12-31,1.0
2016,2916190000,2016-01-01,2016-12-31,1.0
2016,2916209010,2016-01-01,2016-12-31,1.0
2016,2916319010,2016-01-01,2016-12-31,1.0
2016,2916399010,2016-01-01,2016-12-31,1.0
2016,2918301000,2016-01-01,2016-12-31,1.0
2016,2918991000,2016-01-01,2016-12-31,1.0
2016,2919901011,2016-01-01,2016-12-31,1.0
2016,2920111000,2016-01-01,2016-12-31,1.0
2016,2920191000,2016-01-01,2016-12-31,1.0
2016,2920909010,2016-01-01,2016-12-31,1.0
2016,2921309000,2016-01-01,2016-12-31,0.0
2016,2921429010,2016-01-01,2016-12-31,1.0
2016,2921439091,2016-01-01,2016-12-31,1.0
2016,2921491000,2016-01-01,2016-12-31,1.0
2016,2922199000,2016-01-01,2016-12-31,0.0
2016,2922499000,2016-01-01,2016-12-31,0.0
2016,2922509010,2016-01-01,2016-12-31,1.0
2016,2924123000,2016-01-01,2016-12-31,1.0
2016,2924199010,2016-01-01,2016-12-31,1.0
2016,2924211000,2016-01-01,2016-12-31,1.0
2016,2924299092,2016-01-01,2016-12-31,1.0
2016,2924299099,2016-01-01,2016-12-31,0.0
2016,2925199010,2016-01-01,2016-12-31,1.0
2016,2925299010,2016-01-01,2016-12-31,1.0
2016,2926909091,2016-01-01,2016-12-31,1.0
2016,2928009091,2016-01-01,2016-12-31,1.0
2016,2930201010,2016-01-01,2016-12-31,1.0
2016,2930202010,2016-01-01,2016-12-31,1.0
2016,2930302000,2016-01-01,2016-12-31,1.0
2016,2930902091,2016-01-01,2016-12-31,1.0
2016,2930909091,2016-01-01,2016-12-31,1.0
2016,2931901091,2016-01-01,2016-12-31,1.0
2016,2931902915,2016-01-01,2016-12-31,1.0
2016,2931902991,2016-01-01,2016-12-31,1.0
2016,2931909091,2016-01-01,2016-12-31,1.0
2016,2932191000,2016-01-01,2016-12-31,1.0
2016,2932209091,2016-01-01,2016-12-31,1.0
2016,2932999010,2016-01-01,2016-12-31,1.0
2016,2933119091,2016-01-01,2016-12-31,1.0
2016,2933199091,2016-01-01,2016-12-31,1.0
2016,2933299010,2016-01-01,2016-12-31,1.0
2016,2933399010,2016-01-01,2016-12-31,1.0
2016,2933499010,2016-01-01,2016-12-31,1.0
2016,2933591991,2016-01-01,2016-12-31,1.0
2016,2933699091,2016-01-01,2016-12-31,1.0
2016,2933799000,2016-01-01,2016-12-31,1.0
2016,2933999010,2016-01-01,2016-12-31,1.0
2016,2934109010,2016-01-01,2016-12-31,1.0
2016,2934209010,2016-01-01,2016-12-31,1.0
2016,2934999010,2016-01-01,2016-12-31,1.0
2016,2935009020,2016-01-01,2016-12-31,1.0
2016,2941201000,2016-01-01,2016-12-31,1.0
2016,2941909091,2016-01-01,2016-12-31,1.0
2016,3102101000,2016-01-01,2016-12-31,1.0
2016,3204111000,2016-01-01,2016-12-31,0.0
2016,3204119000,2016-01-01,2016-12-31,2.0
2016,3402131000,2016-01-01,2016-12-31,1.0
2016,3701991000,2016-01-01,2016-12-31,0.0
2016,3801101000,2016-01-01,2016-12-31,0.0
2016,3808911000,2016-01-01,2016-12-31,1.0
2016,3808921000,2016-01-01,2016-12-31,1.0
2016,3808933000,2016-01-01,2016-12-31,1.0
2016,3815121000,2016-08-01,2016-12-31,0.0
2016,3815122000,2016-08-01,2016-12-31,0.0
2016,3815129000,2016-08-01,2016-12-31,0.0
2016,3824902410,2016-01-01,2016-12-31,1.0
2016,3824909090,2016-08-01,2016-12-31,0.0
2016,3901101000,2016-01-01,2016-12-31,2.0
2016,3901109000,2016-01-01,2016-12-31,2.0
2016,3901209000,2016-01-01,2016-12-31,2.0
2016,3921199010,2016-08-01,2016-12-31,0.0
2016,3921199020,2016-08-01,2016-12-31,0.0
2016,3921199030,2016-08-01,2016-12-31,0.0
2016,3921199040,2016-08-01,2016-12-31,0.0
2016,3921199090,2016-08-01,2016-12-31,0.0
2016,3921901000,2016-08-01,2016-12-31,0.0
2016,3921902000,2016-08-01,2016-12-31,0.0
2016,3921903000,2016-08-01,2016-12-31,0.0
2016,3921904010,2016-08-01,2016-12-31,0.0
2016,3921904020,2016-08-01,2016-12-31,0.0
2016,3921905010,2016-08-01,2016-12-31,0.0
2016,3921905090,2016-08-01,2016-12-31,0.0
2016,3921906010,2016-08-01,2016-12-31,0.0
2016,3921906020,2016-08-01,2016-12-31,0.0
2016,3921906030,2016-08-01,2016-12-31,0.0
2016,3921906090,2016-08-01,2016-12-31,0.0
2016,3921907010,2016-08-01,2016-12-31,0.0
2016,3921907020,2016-08-01,2016-12-31,0.0
2016,3921907030,2016-08-01,2016-12-31,0.0
2016,3921907090,2016-08-01,2016-12-31,0.0
2016,3921909010,2016-08-01,2016-12-31,0.0
2016,3921909020,2016-08-01,2016-12-31,0.0
2016,3921909030,2016-08-01,2016-12-31,0.0
2016,3921909040,2016-08-01,2016-12-31,0.0
2016,3921909050,2016-08-01,2016-12-31,0.0
2016,3921909090,2016-08-01,2016-12-31,0.0
2016,4104110000,2016-01-01,2016-12-31,1.0
2016,4104190000,2016-01-01,2016-12-31,1.0
2016,4104410000,2016-01-01,2016-12-31,1.0
2016,4104490000,2016-01-01,2016-12-31,1.0
2016,5205121010,2016-01-01,2016-12-31,0.0
2016,5205321010,2016-01-01,2016-12-31,0.0
2016,5205331000,2016-01-01,2016-12-31,4.0
2016,5403319000,2016-01-01,2016-12-31,0.0
2016,5504101000,2016-01-01,2016-12-31,0.0
2016,5504102000,2016-01-01,2016-12-31,0.0
2016,5504109000,2016-01-01,2016-12-31,0.0
2016,7006002000,2016-01-01,2016-12-31,0.0
2016,8413309000,2016-08-01,2016-12-31,0.0
2016,8419899090,2016-08-01,2016-12-31,0.0
2016,8421219020,2016-08-01,2016-12-31,0.0
2016,8421219090,2016-08-01,2016-12-31,0.0
2016,8437109000,2016-08-01,2016-12-31,0.0
2016,8444002000,2016-08-01,2016-12-31,0.0
2016,8479821000,2016-08-01,2016-12-31,0.0
2016,8479829000,2016-08-01,2016-12-31,0.0
2016,8479899050,2016-08-01,2016-12-31,0.0
2016,8479899099,2016-08-01,2016-12-31,0.0
2016,8486303042,2016-01-01,2016-12-31,0.0
2016,8486303043,2016-01-01,2016-12-31,0.0
2016,8486305011,2016-08-01,2016-12-31,0.0
2016,8486305019,2016-01-01,2016-12-31,0.0
2016,8486305041,2016-01-01,2016-12-31,0.0
2016,8486305042,2016-01-01,2016-12-31,0.0
2016,8486305051,2016-01-01,2016-12-31,0.0
2016,8486305052,2016-01-01,2016-12-31,0.0
2016,8486309090,2016-01-01,2016-12-31,0.0
2016,8545909000,2016-08-01,2016-12-31,0.0
2016,9012101090,2016-08-01,2016-12-31,0.0
2016,9031499000,2016-08-01,2016-12-31,0.0
2016,9031809099,2016-08-01,2016-12-31,0.0
2016,9032899090,2016-08-01,2016-12-31,0.0
2017,0714102020,2017-01-01,2017-12-31,0.0
2017,1004900000,2017-01-01,2017-12-31,0.0
2017,1207291000,2017-01-01,2017-12-31,0.0
2017,1214101000,2017-01-01,2017-12-31,0.0
2017,1214909011,2017-01-01,2017-12-31,0.0
2017,2303200000,2017-01-01,2017-12-31,0.0
2017,2303301000,2017-01-01,2017-12-31,0.0
2017,2306100000,2017-01-01,2017-12-31,0.0
2017,2308003000,2017-01-01,2017-12-31,0.0
2017,2704001010,2017-01-01,2017-12-31,0.0
2017,2711110000,2017-01-01,2017-03-31,2.0
2017,2711110000,2017-10-01,2017-12-31,2.0
2017,2711120000,2017-01-01,2017-12-31,2.0
2017,2711130000,2017-01-01,2017-12-31,2.0
2017,2711210000,2017-01-01,2017-03-31,2.0
2017,2711210000,2017-10-01,2017-12-31,2.0
2017,2825502010,2017-01-01,2017-12-31,1.0
2017,2827412010,2017-01-01,2017-12-31,1.0
2017,2833251000,2017-01-01,2017-12-31,1.0
2017,2835299000,2017-01-01,2017-12-31,0.0
2017,2842909000,2017-01-01,2017-12-31,0.0
2017,2853909000,2017-01-01,2017-12-31,0.0
2017,2909309010,2017-01-01,2017-12-31,1.0
2017,2909509000,2017-01-01,2017-12-31,1.0
2017,2914791000,2017-01-01,2017-12-31,1.0
2017,2915399000,2017-01-01,2017-12-31,1.0
2017,2916190000,2017-01-01,2017-12-31,1.0
2017,2916209010,2017-01-01,2017-12-31,1.0
2017,2916319010,2017-01-01,2017-12-31,1.0
2017,2916399010,2017-01-01,2017-12-31,1.0
2017,2918301000,2017-01-01,2017-12-31,1.0
2017,2918991000,2017-01-01,2017-12-31,1.0
2017,2919901011,2017-01-01,2017-12-31,1.0
2017,2920111000,2017-01-01,2017-12-31,1.0
2017,2920191000,2017-01-01,2017-12-31,1.0
2017,2920909010,2017-01-01,2017-12-31,1.0
2017,2921429010,2017-01-01,2017-12-31,1.0
2017,2921439091,2017-01-01,2017-12-31,1.0
2017,2921491000,2017-01-01,2017-12-31,1.0
2017,2922199000,2017-01-01,2017-12-31,0.0
2017,2922499000,2017-01-01,2017-12-31,0.0
2017,2922509010,2017-01-01,2017-12-31,1.0
2017,2924123000,2017-01-01,2017-12-31,1.0
2017,2924199010,2017-01-01,2017-12-31,1.0
2017,2924211000,2017-01-01,2017-12-31,1.0
2017,2924251000,2017-01-01,2017-12-31,1.0
2017,2924299092,2017-01-01,2017-12-31,1.0
2017,2925199010,2017-01-01,2017-12-31,1.0
2017,2925299010,2017-01-01,2017-12-31,1.0
2017,2926909091,2017-01-01,2017-12-31,1.0
2017,2928009091,2017-01-01,2017-12-31,1.0
2017,2930201010,2017-01-01,2017-12-31,1.0
2017,2930202010,2017-01-01,2017-12-31,1.0
2017,2930302000,2017-01-01,2017-12-31,1.0
2017,2930902091,2017-01-01,2017-12-31,1.0
2017,2930909091,2017-01-01,2017-12-31,1.0
2017,2931901091,2017-01-01,2017-12-31,1.0
2017,2931902915,2017-01-01,2017-12-31,1.0
2017,2931902991,2017-01-01,2017-12-31,1.0
2017,2931909091,2017-01-01,2017-12-31,1.0
2017,2932191000,2017-01-01,2017-12-31,1.0
2017,2932209091,2017-01-01,2017-12-31,1.0
2017,2932999010,2017-01-01,2017-12-31,1.0
2017,2933119091,2017-01-01,2017-12-31,1.0
2017,2933199091,2017-01-01,2017-12-31,1.0
2017,2933299010,2017-01-01,2017-12-31,1.0
2017,2933399010,2017-01-01,2017-12-31,1.0
2017,2933499010,2017-01-01,2017-12-31,1.0
2017,2933591991,2017-01-01,2017-12-31,1.0
2017,2933699091,2017-01-01,2017-12-31,1.0
2017,2933799000,2017-01-01,2017-12-31,1.0
2017,2933999010,2017-01-01,2017-12-31,1.0
2017,2934109010,2017-01-01,2017-12-31,1.0
2017,2934209010,2017-01-01,2017-12-31,1.0
2017,2934999010,2017-01-01,2017-12-31,1.0
2017,2935909010,2017-01-01,2017-12-31,1.0
2017,2941201000,2017-01-01,2017-12-31,1.0
2017,2941909091,2017-01-01,2017-12-31,1.0
2017,3102101000,2017-01-01,2017-12-31,1.0
2017,3204119000,2017-01-01,2017-12-31,2.0
2017,3402131000,2017-01-01,2017-12-31,1.0
2017,3801101000,2017-01-01,2017-12-31,0.0
2017,3801300000,2017-01-01,2017-12-31,0.0
2017,3808911000,2017-01-01,2017-12-31,1.0
2017,3808921000,2017-01-01,2017-12-31,1.0
2017,3808933000,2017-01-01,2017-12-31,1.0
2017,3815121000,2017-01-01,2017-12-31,0.0
2017,3815122000,2017-01-01,2017-12-31,0.0
2017,3815129000,2017-01-01,2017-12-31,0.0
2017,3824992210,2017-01-01,2017-12-31,1.0
2017,3824999090,2017-01-01,2017-12-31,0.0
2017,3901101000,2017-01-01,2017-12-31,0.0
2017,3901109000,2017-01-01,2017-12-31,0.0
2017,3901209000,2017-01-01,2017-12-31,0.0
2017,3921199010,2017-01-01,2017-12-31,0.0
2017,3921199020,2017-01-01,2017-12-31,0.0
2017,3921199030,2017-01-01,2017-12-31,0.0
2017,3921199040,2017-01-01,2017-12-31,0.0
2017,3921199090,2017-01-01,2017-12-31,0.0
2017,3921901000,2017-01-01,2017-12-31,0.0
2017,3921902000,2017-01-01,2017-12-31,0.0
2017,3921903000,2017-01-01,2017-12-31,0.0
2017,3921904010,2017-01-01,2017-12-31,0.0
2017,3921904020,2017-01-01,2017-12-31,0.0
2017,3921905010,2017-01-01,2017-12-31,0.0
2017,3921905090,2017-01-01,2017-12-31,0.0
2017,3921906010,2017-01-01,2017-12-31,0.0
2017,3921906020,2017-01-01,2017-12-31,0.0
2017,3921906030,2017-01-01,2017-12-31,0.0
2017,3921906090,2017-01-01,2017-12-31,0.0
2017,3921907010,2017-01-01,2017-12-31,0.0
2017,3921907020,2017-01-01,2017-12-31,0.0
2017,3921907030,2017-01-01,2017-12-31,0.0
2017,3921907090,2017-01-01,2017-12-31,0.0
2017,3921909010,2017-01-01,2017-12-31,0.0
2017,3921909020,2017-01-01,2017-12-31,0.0
2017,3921909030,2017-01-01,2017-12-31,0.0
2017,3921909040,2017-01-01,2017-12-31,0.0
2017,3921909050,2017-01-01,2017-12-31,0.0
2017,3921909090,2017-01-01,2017-12-31,0.0
2017,4104110000,2017-01-01,2017-12-31,1.0
2017,4104190000,2017-01-01,2017-12-31,1.0
2017,4104410000,2017-01-01,2017-12-31,1.0
2017,4104490000,2017-01-01,2017-12-31,1.0
2017,5205121010,2017-01-01,2017-12-31,0.0
2017,5205321010,2017-01-01,2017-12-31,0.0
2017,5205331000,2017-01-01,2017-12-31,4.0
2017,5504101000,2017-01-01,2017-12-31,0.0
2017,5504102000,2017-01-01,2017-12-31,0.0
2017,5504109000,2017-01-01,2017-12-31,0.0
2017,6815101000,2017-01-01,2017-12-31,0.0
2017,6815102000,2017-01-01,2017-12-31,0.0
2017,6815109000,2017-01-01,2017-12-31,0.0
2017,7006002000,2017-01-01,2017-12-31,0.0
2017,7202210000,2017-01-01,2017-12-31,0.0
2017,8421219020,2017-01-01,2017-12-31,0.0
2017,8421399011,2017-01-01,2017-12-31,0.0
2017,8421399019,2017-01-01,2017-12-31,0.0
2017,8477201000,2017-01-01,2017-12-31,0.0
2017,8477202000,2017-01-01,2017-12-31,0.0
2017,8477800000,2017-01-01,2017-12-31,0.0
2017,8479821000,2017-01-01,2017-12-31,0.0
2017,8479899050,2017-01-01,2017-12-31,0.0
2017,8486305011,2017-01-01,2017-12-31,0.0
2017,8486305019,2017-01-01,2017-12-31,0.0
2017,8514109000,2017-01-01,2017-12-31,0.0
2017,8545909000,2017-01-01,2017-12-31,0.0
2017,9012101090,2017-01-01,2017-12-31,0.0
2017,9031499000,2017-01-01,2017-12-31,0.0
2017,9031809099,2017-01-01,2017-12-31,0.0
2018,0714102020,2018-01-01,2018-12-31,0.0
2018,1004900000,2018-01-01,2018-12-31,0.0
2018,1207291000,2018-01-01,2018-12-31,0.0
2018,1214101000,2018-01-01,2018-12-31,0.0
2018,1214909011,2018-01-01,2018-12-31,0.0
2018,2303200000,2018-01-01,2018-12-31,0.0
2018,2303301000,2018-01-01,2018-12-31,0.0
2018,2306100000,2018-01-01,2018-12-31,0.0
2018,2308003000,2018-01-01,2018-12-31,0.0
2018,2704001010,2018-01-01,2018-12-31,0.0
2018,2711110000,2018-01-01,2018-03-31,2.0
2018,2711110000,2018-10-01,2018-12-31,2.0
2018,2711120000,2018-01-01,2018-12-31,2.0
2018,2711130000,2018-01-01,2018-12-31,2.0
2018,2711210000,2018-01-01,2018-03-31,2.0
2018,2711210000,2018-10-01,2018-12-31,2.0
2018,2803001000,2018-01-01,2018-12-31,0.0
2018,2825502010,2018-01-01,2018-12-31,1.0
2018,2827412010,2018-01-01,2018-12-31,1.0
2018,2833251000,2018-01-01,2018-12-31,1.0
2018,2833292010,2018-01-01,2018-12-31,0.0
2018,2835299000,2018-01-01,2018-12-31,0.0
2018,2841909000,2018-01-01,2018-12-31,0.0
2018,2853909000,2018-01-01,2018-12-31,0.0
2018,2909309010,2018-01-01,2018-12-31,1.0
2018,2909509000,2018-01-01,2018-12-31,1.0
2018,2914791000,2018-01-01,2018-12-31,1.0
2018,2915399000,2018-01-01,2018-12-31,1.0
2018,2916190000,2018-01-01,2018-12-31,1.0
2018,2916209010,2018-01-01,2018-12-31,1.0
2018,2916319010,2018-01-01,2018-12-31,1.0
2018,2916399010,2018-01-01,2018-12-31,1.0
2018,2918301000,2018-01-01,2018-12-31,1.0
2018,2918991000,2018-01-01,2018-12-31,1.0
2018,2919901011,2018-01-01,2018-12-31,1.0
2018,2920111000,2018-01-01,2018-12-31,1.0
2018,2920191000,2018-01-01,2018-12-31,1.0
2018,2920909010,2018-01-01,2018-12-31,1.0
2018,2921429010,2018-01-01,2018-12-31,1.0
2018,2921439091,2018-01-01,2018-12-31,1.0
2018,2921491000,2018-01-01,2018-12-31,1.0
2018,2922199000,2018-01-01,2018-12-31,0.0
2018,2922499000,2018-01-01,2018-12-31,0.0
2018,2922509010,2018-01-01,2018-12-31,1.0
2018,2924123000,2018-01-01,2018-12-31,1.0
2018,2924199010,2018-01-01,2018-12-31,1.0
2018,2924211000,2018-01-01,2018-12-31,1.0
2018,2924251000,2018-01-01,2018-12-31,1.0
2018,2924299092,2018-01-01,2018-12-31,1.0
2018,2925199010,2018-01-01,2018-12-31,1.0
2018,2925299010,2018-01-01,2018-12-31,1.0
2018,2926909091,2018-01-01,2018-12-31,1.0
2018,2928009091,2018-01-01,2018-12-31,1.0
2018,2930201010,2018-01-01,2018-12-31,1.0
2018,2930202010,2018-01-01,2018-12-31,1.0
2018,2930302000,2018-01-01,2018-12-31,1.0
2018,2930902091,2018-01-01,2018-12-31,1.0
2018,2930909091,2018-01-01,2018-12-31,1.0
2018,2931901091,2018-01-01,2018-12-31,1.0
2018,2931902915,2018-01-01,2018-12-31,1.0
2018,2931902991,2018-01-01,2018-12-31,1.0
2018,2931909091,2018-01-01,2018-12-31,1.0
2018,2932191000,2018-01-01,2018-12-31,1.0
2018,2932209091,2018-01-01,2018-12-31,1.0
2018,2932999010,2018-01-01,2018-12-31,1.0
2018,2933119091,2018-01-01,2018-12-31,1.0
2018,2933199091,2018-01-01,2018-12-31,1.0
2018,2933299010,2018-01-01,2018-12-31,1.0
2018,2933399010,2018-01-01,2018-12-31,1.0
2018,2933499010,2018-01-01,2018-12-31,1.0
2018,2933591991,2018-01-01,2018-12-31,1.0
2018,2933699091,2018-01-01,2018-12-31,1.0
2018,2933791000,2018-01-01,2018-12-31,1.0
2018,2933792000,2018-01-01,2018-12-31,1.0
2018,2933793000,2018-01-01,2018-12-31,1.0
2018,2933799000,2018-01-01,2018-12-31,1.0
2018,2933999010,2018-01-01,2018-12-31,1.0
2018,2934109010,2018-01-01,2018-12-31,1.0
2018,2934209010,2018-01-01,2018-12-31,1.0
2018,2934999010,2018-01-01,2018-12-31,1.0
2018,2934999090,2018-01-01,2018-12-31,0.0
2018,2935909010,2018-01-01,2018-12-31,1.0
2018,2941201000,2018-01-01,2018-12-31,1.0
2018,2941301000,2018-01-01,2018-12-31,1.0
2018,2941302000,2018-01-01,2018-12-31,1.0
2018,2941303000,2018-01-01,2018-12-31,1.0
2018,2941309000,2018-01-01,2018-12-31,1.0
2018,2941909091,2018-01-01,2018-12-31,1.0
2018,3204119000,2018-01-01,2018-12-31,2.0
2018,3206110000,2018-01-01,2018-12-31,0.0
2018,3402131000,2018-01-01,2018-12-31,1.0
2018,3801101000,2018-01-01,2018-12-31,0.0
2018,3801300000,2018-01-01,2018-12-31,0.0
2018,3808911000,2018-01-01,2018-12-31,1.0
2018,3808921000,2018-01-01,2018-12-31,1.0
2018,3808933000,2018-01-01,2018-12-31,1.0
2018,3824992210,2018-01-01,2018-12-31,1.0
2018,3824999090,2018-01-01,2018-12-31,0.0
2018,3901101000,2018-01-01,2018-12-31,0.0
2018,3901109000,2018-01-01,2018-12-31,0.0
2018,3901209000,2018-01-01,2018-12-31,0.0
2018,3902900000,2018-01-01,2018-12-31,0.0
2018,3904690000,2018-01-01,2018-12-31,0.0
2018,3905910000,2018-01-01,2018-12-31,0.0
2018,3921191010,2018-01-01,2018-12-31,0.0
2018,3921192010,2018-01-01,2018-12-31,0.0
2018,3921199010,2018-01-01,2018-12-31,0.0
2018,3921199020,2018-01-01,2018-12-31,0.0
2018,3921199030,2018-01-01,2018-12-31,0.0
2018,3921199040,2018-01-01,2018-12-31,0.0
2018,3921199090,2018-01-01,2018-12-31,0.0
2018,3921901000,2018-01-01,2018-12-31,0.0
2018,3921902000,2018-01-01,2018-12-31,0.0
2018,3921903000,2018-01-01,2018-12-31,0.0
2018,3921904010,2018-01-01,2018-12-31,0.0
2018,3921904020,2018-01-01,2018-12-31,0.0
2018,3921905010,2018-01-01,2018-12-31,0.0
2018,3921905090,2018-01-01,2018-12-31,0.0
2018,3921906010,2018-01-01,2018-12-31,0.0
2018,3921906020,2018-01-01,2018-12-31,0.0
2018,3921906030,2018-01-01,2018-12-31,0.0
2018,3921906090,2018-01-01,2018-12-31,0.0
2018,3921907010,2018-01-01,2018-12-31,0.0
2018,3921907020,2018-01-01,2018-12-31,0.0
2018,3921907030,2018-01-01,2018-12-31,0.0
2018,3921907090,2018-01-01,2018-12-31,0.0
2018,3921909010,2018-01-01,2018-12-31,0.0
2018,3921909020,2018-01-01,2018-12-31,0.0
2018,3921909030,2018-01-01,2018-12-31,0.0
2018,3921909040,2018-01-01,2018-12-31,0.0
2018,3921909050,2018-01-01,2018-12-31,0.0
2018,3921909090,2018-01-01,2018-12-31,0.0
2018,4104110000,2018-01-01,2018-12-31,1.0
2018,4104190000,2018-01-01,2018-12-31,1.0
2018,4104410000,2018-01-01,2018-12-31,1.0
2018,4104490000,2018-01-01,2018-12-31,1.0
2018,5205121010,2018-01-01,2018-12-31,0.0
2018,5205321010,2018-01-01,2018-12-31,0.0
2018,5205331000,2018-01-01,2018-12-31,4.0
2018,5504101000,2018-01-01,2018-12-31,0.0
2018,5504102000,2018-01-01,2018-12-31,0.0
2018,5504109000,2018-01-01,2018-12-31,0.0
2018,6815101000,2018-01-01,2018-12-31,0.0
2018,6815102000,2018-01-01,2018-12-31,0.0
2018,6815109000,2018-01-01,2018-12-31,0.0
2018,7006002000,2018-01-01,2018-12-31,0.0
2018,7202210000,2018-01-01,2018-12-31,0.0
2018,7202410000,2018-01-01,2018-12-31,1.0
2018,7202490000,2018-01-01,2018-12-31,1.0
2018,8475901000,2018-01-01,2018-12-31,0.0
2018,8477800000,2018-01-01,2018-12-31,0.0
2018,8479899050,2018-01-01,2018-12-31,0.0
2018,8486305011,2018-01-01,2018-12-31,0.0
2018,8486305019,2018-01-01,2018-12-31,0.0
2018,8503002090,2018-01-01,2018-12-31,0.0
2018,8545110000,2018-01-01,2018-12-31,2.0
2018,9012101090,2018-01-01,2018-12-31,0.0
2018,9031499000,2018-01-01,2018-12-31,0.0
2018,9031809099,2018-01-01,2018-12-31,0.0
2019,0714102020,2019-01-01,2019-12-31,0.0
2019,1004900000,2019-01-01,2019-12-31,0.0
2019,1207291000,2019-01-01,2019-12-31,0.0
2019,1214101000,2019-01-01,2019-12-31,0.0
2019,1214909011,2019-01-01,2019-12-31,0.0
2019,2303200000,2019-01-01,2019-12-31,0.0
2019,2303301000,2019-01-01,2019-12-31,0.0
2019,2306100000,2019-01-01,2019-12-31,0.0
2019,2308003000,2019-01-01,2019-12-31,0.0
2019,2704001010,2019-01-01,2019-12-31,0.0
2019,2711110000,2019-01-01,2019-03-31,2.0
2019,2711110000,2019-10-01,2019-12-31,2.0
2019,2711120000,2019-01-01,2019-12-31,2.0
2019,2711130000,2019-01-01,2019-12-31,2.0
2019,2711210000,2019-01-01,2019-03-31,2.0
2019,2711210000,2019-10-01,2019-12-31,2.0
2019,2803001000,2019-01-01,2019-12-31,0.0
2019,2825502010,2019-01-01,2019-12-31,1.0
2019,2827412010,2019-01-01,2019-12-31,1.0
2019,2833251000,2019-01-01,2019-12-31,1.0
2019,2833292010,2019-01-01,2019-12-31,0.0
2019,2835299000,2019-01-01,2019-12-31,0.0
2019,2841909000,2019-01-01,2019-12-31,0.0
2019,2909309010,2019-01-01,2019-12-31,1.0
2019,2909509000,2019-01-01,2019-12-31,1.0
2019,2914791000,2019-01-01,2019-12-31,1.0
2019,2915399000,2019-01-01,2019-12-31,1.0
2019,2916190000,2019-01-01,2019-12-31,1.0
2019,2916209010,2019-01-01,2019-12-31,1.0
2019,2916319010,2019-01-01,2019-12-31,1.0
2019,2916399010,2019-01-01,2019-12-31,1.0
2019,2918301000,2019-01-01,2019-12-31,1.0
2019,2918991000,2019-01-01,2019-12-31,1.0
2019,2919901011,2019-01-01,2019-12-31,1.0
2019,2920111000,2019-01-01,2019-12-31,1.0
2019,2920191000,2019-01-01,2019-12-31,1.0
2019,2920909010,2019-01-01,2019-12-31,1.0
2019,2921429010,2019-01-01,2019-12-31,1.0
2019,2921439091,2019-01-01,2019-12-31,1.0
2019,2921491000,2019-01-01,2019-12-31,1.0
2019,2922199000,2019-01-01,2019-12-31,0.0
2019,2922499000,2019-01-01,2019-12-31,0.0
2019,2922509010,2019-01-01,2019-12-31,1.0
2019,2923900000,2019-01-01,2019-12-31,0.0
2019,2924123000,2019-01-01,2019-12-31,1.0
2019,2924199010,2019-01-01,2019-12-31,1.0
2019,2924211000,2019-01-01,2019-12-31,1.0
2019,2924251000,2019-01-01,2019-12-31,1.0
2019,2924299092,2019-01-01,2019-12-31,1.0
2019,2925199010,2019-01-01,2019-12-31,1.0
2019,2925299010,2019-01-01,2019-12-31,1.0
2019,2926909091,2019-01-01,2019-12-31,1.0
2019,2928009091,2019-01-01,2019-12-31,1.0
2019,2930201010,2019-01-01,2019-12-31,1.0
2019,2930202010,2019-01-01,2019-12-31,1.0
2019,2930302000,2019-01-01,2019-12-31,1.0
2019,2930902091,2019-01-01,2019-12-31,1.0
2019,2930909091,2019-01-01,2019-12-31,1.0
2019,2931390000,2019-01-01,2019-12-31,1.0
2019,2931901091,2019-01-01,2019-12-31,1.0
2019,2931902915,2019-01-01,2019-12-31,1.0
2019,2931902991,2019-01-01,2019-12-31,1.0
2019,2931909091,2019-01-01,2019-12-31,1.0
2019,2932191000,2019-01-01,2019-12-31,1.0
2019,2932209091,2019-01-01,2019-12-31,1.0
2019,2932999010,2019-01-01,2019-12-31,1.0
2019,2933119091,2019-01-01,2019-12-31,1.0
2019,2933199091,2019-01-01,2019-12-31,1.0
2019,2933299010,2019-01-01,2019-12-31,1.0
2019,2933399010,2019-01-01,2019-12-31,1.0
2019,2933499010,2019-01-01,2019-12-31,1.0
2019,2933591991,2019-01-01,2019-12-31,1.0
2019,2933699091,2019-01-01,2019-12-31,1.0
2019,2933791000,2019-01-01,2019-12-31,1.0
2019,2933792000,2019-01-01,2019-12-31,1.0
2019,2933793000,2019-01-01,2019-12-31,1.0
2019,2933799000,2019-01-01,2019-12-31,1.0
2019,2933999010,2019-01-01,2019-12-31,1.0
2019,2934109010,2019-01-01,2019-12-31,1.0
2019,2934209010,2019-01-01,2019-12-31,1.0
2019,2934999010,2019-01-01,2019-12-31,1.0
2019,2935909010,2019-01-01,2019-12-31,1.0
2019,2941201000,2019-01-01,2019-12-31,1.0
2019,2941301000,2019-01-01,2019-12-31,1.0
2019,2941302000,2019-01-01,2019-12-31,1.0
2019,2941303000,2019-01-01,2019-12-31,1.0
2019,2941309000,2019-01-01,2019-12-31,1.0
2019,2941909091,2019-01-01,2019-12-31,1.0
2019,3102101000,2019-01-01,2019-12-31,1.0
2019,3204119000,2019-01-01,2019-12-31,2.0
2019,3206110000,2019-01-01,2019-12-31,0.0
2019,3402131000,2019-01-01,2019-12-31,1.0
2019,3801101000,2019-01-01,2019-12-31,0.0
2019,3801300000,2019-01-01,2019-12-31,0.0
2019,3808911000,2019-01-01,2019-12-31,1.0
2019,3808921000,2019-01-01,2019-12-31,1.0
2019,3808933000,2019-01-01,2019-12-31,1.0
2019,3824992210,2019-01-01,2019-12-31,1.0
2019,3824999090,2019-01-01,2019-12-31,0.0
2019,3901101000,2019-01-01,2019-12-31,0.0
2019,3901109000,2019-01-01,2019-12-31,0.0
2019,3901209000,2019-01-01,2019-12-31,0.0
2019,3902900000,2019-01-01,2019-12-31,0.0
2019,3904690000,2019-01-01,2019-12-31,0.0
2019,3921191010,2019-01-01,2019-12-31,0.0
2019,3921199010,2019-01-01,2019-12-31,0.0
2019,3921199020,2019-01-01,2019-12-31,0.0
2019,3921199030,2019-01-01,2019-12-31,0.0
2019,3921199040,2019-01-01,2019-12-31,0.0
2019,3921199090,2019-01-01,2019-12-31,0.0
2019,3921902000,2019-01-01,2019-12-31,0.0
2019,4104110000,2019-01-01,2019-12-31,1.0
2019,4104190000,2019-01-01,2019-12-31,1.0
2019,4104410000,2019-01-01,2019-12-31,1.0
2019,4104490000,2019-01-01,2019-12-31,1.0
2019,5205121010,2019-01-01,2019-12-31,0.0
2019,5205321010,2019-01-01,2019-12-31,0.0
2019,5205331000,2019-01-01,2019-12-31,4.0
2019,5504101000,2019-01-01,2019-12-31,0.0
2019,5504102000,2019-01-01,2019-12-31,0.0
2019,5504109000,2019-01-01,2019-12-31,0.0
2019,6903207000,2019-01-01,2019-12-31,0.0
2019,7006002000,2019-01-01,2019-12-31,0.0
2019,7202210000,2019-01-01,2019-12-31,0.0
2019,7202410000,2019-01-01,2019-12-31,0.5
2019,7202490000,2019-01-01,2019-12-31,0.5
2019,8419399000,2019-01-01,2019-12-31,0.0
2019,8421399019,2019-01-01,2019-12-31,0.0
2019,8475901000,2019-01-01,2019-12-31,0.0
2019,8477202000,2019-01-01,2019-12-31,0.0
2019,8477800000,2019-01-01,2019-12-31,0.0
2019,8479821000,2019-01-01,2019-12-31,0.0
2019,8503002090,2019-01-01,2019-12-31,0.0
2019,8507909000,2019-01-01,2019-12-31,0.0
2019,8514109000,2019-01-01,2019-12-31,0.0
2019,8516800000,2019-01-01,2019-12-31,0.0
2019,8545110000,2019-01-01,2019-12-31,0.0
2019,8545909000,2019-01-01,2019-12-31,0.0
2020,0714102020,2020-01-01,2020-12-31,0.0
2020,1004900000,2020-01-01,2020-12-31,0.0
2020,1207291000,2020-01-01,2020-12-31,0.0
2020,1214101000,2020-01-01,2020-12-31,0.0
2020,1214909011,2020-01-01,2020-12-31,0.0
2020,2303200000,2020-01-01,2020-12-31,0.0
2020,2303301000,2020-01-01,2020-12-31,0.0
2020,2308003000,2020-01-01,2020-12-31,0.0
2020,2704001010,2020-01-01,2020-12-31,0.0
2020,2711110000,2020-01-01,2020-03-31,2.0
2020,2711110000,2020-10-01,2020-12-31,2.0
2020,2711120000,2020-01-01,2020-12-31,2.0
2020,2711130000,2020-01-01,2020-12-31,2.0
2020,2711210000,2020-01-01,2020-03-31,2.0
2020,2711210000,2020-10-01,2020-12-31,2.0
2020,2803001000,2020-01-01,2020-12-31,0.0
2020,2825502010,2020-01-01,2020-12-31,0.0
2020,2827412010,2020-01-01,2020-12-31,0.0
2020,2833251000,2020-01-01,2020-12-31,0.0
2020,2833292010,2020-01-01,2020-12-31,0.0
2020,2841909000,2020-01-01,2020-12-31,0.0
2020,2909309010,2020-01-01,2020-12-31,0.0
2020,2909509000,2020-01-01,2020-12-31,0.0
2020,2914791000,2020-01-01,2020-12-31,0.0
2020,2915399000,2020-01-01,2020-12-31,0.0
2020,2916190000,2020-01-01,2020-12-31,0.0
2020,2916209010,2020-01-01,2020-12-31,0.0
2020,2916319010,2020-01-01,2020-12-31,0.0
2020,2918301000,2020-01-01,2020-12-31,0.0
2020,2918991000,2020-01-01,2020-12-31,0.0
2020,2919901011,2020-01-01,2020-12-31,0.0
2020,2920111000,2020-01-01,2020-12-31,0.0
2020,2920191000,2020-01-01,2020-12-31,0.0
2020,2920909010,2020-01-01,2020-12-31,0.0
2020,2921429010,2020-01-01,2020-12-31,0.0
2020,2921439091,2020-01-01,2020-12-31,0.0
2020,2921491000,2020-01-01,2020-12-31,0.0
2020,2922499000,2020-01-01,2020-12-31,0.0
2020,2922509010,2020-01-01,2020-12-31,0.0
2020,2923900000,2020-01-01,2020-12-31,0.0
2020,2924123000,2020-01-01,2020-12-31,0.0
2020,2924199010,2020-01-01,2020-12-31,0.0
2020,2924211000,2020-01-01,2020-12-31,0.0
2020,2924251000,2020-01-01,2020-12-31,0.0
2020,2924299092,2020-01-01,2020-12-31,0.0
2020,2925199010,2020-01-01,2020-12-31,0.0
2020,2925299010,2020-01-01,2020-12-31,0.0
2020,2926909091,2020-01-01,2020-12-31,0.0
2020,2928009091,2020-01-01,2020-12-31,0.0
2020,2930201010,2020-01-01,2020-12-31,0.0
2020,2930202010,2020-01-01,2020-12-31,0.0
2020,2930302000,2020-01-01,2020-12-31,0.0
2020,2930902091,2020-01-01,2020-12-31,0.0
2020,2930909091,2020-01-01,2020-12-31,0.0
2020,2931390000,2020-01-01,2020-12-31,0.0
2020,2931901091,2020-01-01,2020-12-31,0.0
2020,2931902915,2020-01-01,2020-12-31,0.0
2020,2931902991,2020-01-01,2020-12-31,0.0
2020,2931909091,2020-01-01,2020-12-31,0.0
2020,2932191000,2020-01-01,2020-12-31,0.0
2020,2932209091,2020-01-01,2020-12-31,0.0
2020,2932999010,2020-01-01,2020-12-31,0.0
2020,2933119091,2020-01-01,2020-12-31,0.0
2020,2933199091,2020-01-01,2020-12-31,0.0
2020,2933299010,2020-01-01,2020-12-31,0.0
2020,2933399010,2020-01-01,2020-12-31,0.0
2020,2933499010,2020-01-01,2020-12-31,0.0
2020,2933591991,2020-01-01,2020-12-31,0.0
2020,2933699091,2020-01-01,2020-12-31,0.0
2020,2933799000,2020-01-01,2020-12-31,0.0
2020,2933999010,2020-01-01,2020-12-31,0.0
2020,2934109010,2020-01-01,2020-12-31,0.0
2020,2934209010,2020-01-01,2020-12-31,0.0
2020,2934999010,2020-01-01,2020-12-31,0.0
2020,2935909010,2020-01-01,2020-12-31,0.0
2020,2941201000,2020-01-01,2020-12-31,0.0
2020,2941309000,2020-01-01,2020-12-31,0.0
2020,2941909091,2020-01-01,2020-12-31,0.0
2020,3102101000,2020-01-01,2020-12-31,0.0
2020,3204119000,2020-01-01,2020-12-31,0.0
2020,3206110000,2020-01-01,2020-12-31,0.0
2020,3402131000,2020-01-01,2020-12-31,0.0
2020,3801101000,2020-01-01,2020-12-31,0.0
2020,3801300000,2020-01-01,2020-12-31,0.0
2020,3808911000,2020-01-01,2020-12-31,0.0
2020,3808921000,2020-01-01,2020-12-31,0.0
2020,3808931000,2020-01-01,2020-12-31,0.0
2020,3808933000,2020-01-01,2020-12-31,0.0
2020,3824992210,2020-01-01,2020-12-31,0.0
2020,3824999090,2020-01-01,2020-12-31,0.0
2020,3902900000,2020-01-01,2020-12-31,0.0
2020,3904690000,2020-01-01,2020-12-31,0.0
2020,3907400000,2020-01-01,2020-12-31,0.0
2020,3921191010,2020-01-01,2020-12-31,0.0
2020,3921199090,2020-01-01,2020-12-31,0.0
2020,3921902000,2020-01-01,2020-12-31,0.0
2020,4104110000,2020-01-01,2020-12-31,1.0
2020,4104190000,2020-01-01,2020-12-31,1.0
2020,4104410000,2020-01-01,2020-12-31,1.0
2020,4104490000,2020-01-01,2020-12-31,1.0
2020,5205121010,2020-01-01,2020-12-31,0.0
2020,5205321010,2020-01-01,2020-12-31,0.0
2020,5205331000,2020-01-01,2020-12-31,4.0
2020,5504101000,2020-01-01,2020-12-31,0.0
2020,5504102000,2020-01-01,2020-12-31,0.0
2020,5504109000,2020-01-01,2020-12-31,0.0
2020,5603121000,2020-03-18,2020-06-30,0.0
2020,5603129000,2020-03-18,2020-06-30,0.0
2020,5603920000,2020-03-18,2020-06-30,0.0
2020,6307909000,2020-03-18,2020-06-30,0.0
2020,6815109000,2020-01-01,2020-12-31,0.0
2020,6903207000,2020-01-01,2020-12-31,0.0
2020,7006002000,2020-01-01,2020-12-31,0.0
2020,7112991000,2020-01-01,2020-12-31,1.0
2020,7202210000,2020-01-01,2020-12-31,0.0
2020,7202410000,2020-01-01,2020-12-31,0.5
2020,7202490000,2020-01-01,2020-12-31,0.5
2020,7202600000,2020-01-01,2020-12-31,0.0
2020,7202930000,2020-01-01,2020-12-31,0.0
2020,7502109000,2020-01-01,2020-12-31,1.0
2020,8108201000,2020-01-01,2020-12-31,1.0
2020,8421399019,2020-01-01,2020-12-31,0.0
2020,8421999099,2020-01-01,2020-12-31,0.0
2020,8477800000,2020-01-01,2020-12-31,0.0
2020,8477900000,2020-01-01,2020-12-31,0.0
2020,8503002090,2020-01-01,2020-12-31,0.0
2020,8507909000,2020-01-01,2020-12-31,0.0
2020,8514109000,2020-01-01,2020-12-31,0.0
2020,8516800000,2020-01-01,2020-12-31,0.0
2020,8545110000,2020-01-01,2020-12-31,0.0
2020,8545909000,2020-01-01,2020-12-31,0.0
2020,9018909090,2020-01-01,2020-12-31,0.0
2021,0714102020,2021-01-01,2021-12-31,0.0
2021,1004900000,2021-01-01,2021-12-31,0.0
2021,1207291000,2021-01-01,2021-12-31,0.0
2021,1214101000,2021-01-01,2021-12-31,0.0
2021,1214909011,2021-01-01,2021-12-31,0.0
2021,2303200000,2021-01-01,2021-12-31,0.0
2021,2303301000,2021-01-01,2021-12-31,0.0
2021,2308003000,2021-01-01,2021-12-31,0.0
2021,2704001010,2021-01-01,2021-12-31,0.0
2021,2711110000,2021-01-01,2021-03-31,2.0
2021,2711110000,2021-10-01,2021-11-11,2.0
2021,2711110000,2021-11-12,2021-12-31,0.0
2021,2711120000,2021-01-01,2021-12-31,2.0
2021,2711130000,2021-01-01,2021-12-31,2.0
2021,2711210000,2021-01-01,2021-03-31,2.0
2021,2711210000,2021-10-01,2021-11-11,2.0
2021,2711210000,2021-11-12,2021-12-31,0.0
2021,2803001000,2021-01-01,2021-12-31,0.0
2021,2804690000,2021-01-01,2021-12-31,0.0
2021,2825502010,2021-01-01,2021-12-31,0.0
2021,2825902090,2021-01-01,2021-12-31,0.0
2021,2827412010,2021-01-01,2021-12-31,0.0
2021,2833251000,2021-01-01,2021-12-31,0.0
2021,2833292010,2021-01-01,2021-12-31,0.0
2021,2841909000,2021-01-01,2021-12-31,0.0
2021,2909309010,2021-01-01,2021-12-31,0.0
2021,2909509000,2021-01-01,2021-12-31,0.0
2021,2914791000,2021-01-01,2021-12-31,0.0
2021,2915399000,2021-01-01,2021-12-31,0.0
2021,2916190000,2021-01-01,2021-12-31,0.0
2021,2916209010,2021-01-01,2021-12-31,0.0
2021,2916319010,2021-01-01,2021-12-31,0.0
2021,2918301000,2021-01-01,2021-12-31,0.0
2021,2918991000,2021-01-01,2021-12-31,0.0
2021,2919901011,2021-01-01,2021-12-31,0.0
2021,2920111000,2021-01-01,2021-12-31,0.0
2021,2920191000,2021-01-01,2021-12-31,0.0
2021,2920909010,2021-01-01,2021-12-31,0.0
2021,2921429010,2021-01-01,2021-12-31,0.0
2021,2921439091,2021-01-01,2021-12-31,0.0
2021,2921491000,2021-01-01,2021-12-31,0.0
2021,2921599090,2021-01-01,2021-12-31,0.0
2021,2922499000,2021-01-01,2021-12-31,0.0
2021,2922509010,2021-01-01,2021-12-31,0.0
2021,2923900000,2021-01-01,2021-12-31,0.0
2021,2924123000,2021-01-01,2021-12-31,0.0
2021,2924199010,2021-01-01,2021-12-31,0.0
2021,2924211000,2021-01-01,2021-12-31,0.0
2021,2924251000,2021-01-01,2021-12-31,0.0
2021,2924299092,2021-01-01,2021-12-31,0.0
2021,2925199010,2021-01-01,2021-12-31,0.0
2021,2925299010,2021-01-01,2021-12-31,0.0
2021,2926909091,2021-01-01,2021-12-31,0.0
2021,2928009091,2021-01-01,2021-12-31,0.0
2021,2930201010,2021-01-01,2021-12-31,0.0
2021,2930202010,2021-01-01,2021-12-31,0.0
2021,2930302000,2021-01-01,2021-12-31,0.0
2021,2930902091,2021-01-01,2021-12-31,0.0
2021,2930909091,2021-01-01,2021-12-31,0.0
2021,2931390000,2021-01-01,2021-12-31,0.0
2021,2931901091,2021-01-01,2021-12-31,0.0
2021,2931902915,2021-01-01,2021-12-31,0.0
2021,2931902991,2021-01-01,2021-12-31,0.0
2021,2931909091,2021-01-01,2021-12-31,0.0
2021,2932191000,2021-01-01,2021-12-31,0.0
2021,2932209091,2021-01-01,2021-12-31,0.0
2021,2932999010,2021-01-01,2021-12-31,0.0
2021,2933119091,2021-01-01,2021-12-31,0.0
2021,2933199091,2021-01-01,2021-12-31,0.0
2021,2933299010,2021-01-01,2021-12-31,0.0
2021,2933399010,2021-01-01,2021-12-31,0.0
2021,2933499010,2021-01-01,2021-12-31,0.0
2021,2933591991,2021-01-01,2021-12-31,0.0
2021,2933699091,2021-01-01,2021-12-31,0.0
2021,2933799000,2021-01-01,2021-12-31,0.0
2021,2933999010,2021-01-01,2021-12-31,0.0
2021,2934109010,2021-01-01,2021-12-31,0.0
2021,2934209010,2021-01-01,2021-12-31,0.0
2021,2934999010,2021-01-01,2021-12-31,0.0
2021,2935909010,2021-01-01,2021-12-31,0.0
2021,2941201000,2021-01-01,2021-12-31,0.0
2021,2941309000,2021-01-01,2021-12-31,0.0
2021,2941909091,2021-01-01,2021-12-31,0.0
2021,3102101000,2021-01-01,2021-12-31,0.0
2021,3102109000,2021-11-12,2021-12-31,0.0
2021,3204119000,2021-01-01,2021-12-31,0.0
2021,3206110000,2021-01-01,2021-12-31,0.0
2021,3208909030,2021-01-01,2021-12-31,0.0
2021,3402131000,2021-01-01,2021-12-31,0.0
2021,3801101000,2021-01-01,2021-12-31,0.0
2021,3801300000,2021-01-01,2021-12-31,0.0
2021,3808911000,2021-01-01,2021-12-31,0.0
2021,3808921000,2021-01-01,2021-12-31,0.0
2021,3808933000,2021-01-01,2021-12-31,0.0
2021,3815121000,2021-01-01,2021-12-31,0.0
2021,3824992210,2021-01-01,2021-12-31,0.0
2021,3824999090,2021-01-01,2021-12-31,0.0
2021,3901900000,2021-01-01,2021-12-31,0.0
2021,3904690000,2021-01-01,2021-12-31,0.0
2021,3907400000,2021-01-01,2021-12-31,0.0
2021,3921191010,2021-01-01,2021-12-31,0.0
2021,3921199090,2021-01-01,2021-12-31,0.0
2021,3921902000,2021-01-01,2021-12-31,0.0
2021,4104110000,2021-01-01,2021-12-31,1.0
2021,4104190000,2021-01-01,2021-12-31,1.0
2021,4104410000,2021-01-01,2021-12-31,1.0
2021,4104490000,2021-01-01,2021-12-31,1.0
2021,5205121010,2021-01-01,2021-12-31,0.0
2021,5205321010,2021-01-01,2021-12-31,0.0
2021,5205331000,2021-01-01,2021-12-31,4.0
2021,5504101000,2021-01-01,2021-12-31,0.0
2021,5504102000,2021-01-01,2021-12-31,0.0
2021,5504109000,2021-01-01,2021-12-31,0.0
2021,6815109000,2021-01-01,2021-12-31,0.0
2021,6903207000,2021-01-01,2021-12-31,0.0
2021,7006002000,2021-01-01,2021-12-31,0.0
2021,7110210000,2021-01-01,2021-12-31,1.0
2021,7110310000,2021-01-01,2021-12-31,1.0
2021,7112991000,2021-01-01,2021-12-31,1.0
2021,7202210000,2021-01-01,2021-12-31,0.0
2021,7202410000,2021-01-01,2021-12-31,0.5
2021,7202490000,2021-01-01,2021-12-31,0.5
2021,7202600000,2021-01-01,2021-12-31,0.0
2021,7202910000,2021-01-01,2021-12-31,1.0
2021,7202930000,2021-01-01,2021-12-31,0.0
2021,7502109000,2021-01-01,2021-12-31,1.0
2021,8108201000,2021-01-01,2021-12-31,0.5
2021,8421399019,2021-01-01,2021-12-31,0.0
2021,8421999099,2021-01-01,2021-12-31,0.0
2021,8477800000,2021-01-01,2021-12-31,0.0
2021,8479899050,2021-01-01,2021-12-31,0.0
2021,8503002090,2021-01-01,2021-12-31,0.0
2021,8507909000,2021-01-01,2021-12-31,0.0
2021,8514109000,2021-01-01,2021-12-31,0.0
2021,8516800000,2021-01-01,2021-12-31,0.0
2021,8545110000,2021-01-01,2021-12-31,0.0
2021,8545909000,2021-01-01,2021-12-31,0.0
2021,9018310000,2021-01-01,2021-12-31,0.0
2022,0714102020,2022-01-01,2022-12-31,0.0
2022,0901110000,2022-07-20,2022-12-31,0.0
2022,0901120000,2022-07-20,2022-12-31,0.0
2022,0901210000,2022-07-20,2022-12-31,0.0
2022,0901220000,2022-07-20,2022-12-31,0.0
2022,1001992090,2022-06-22,2022-12-31,0.0
2022,1001999090,2022-06-22,2022-12-31,0.0
2022,1004900000,2022-01-01,2022-12-31,0.0
2022,1101001000,2022-06-22,2022-12-31,0.0
2022,1214101000,2022-01-01,2022-12-31,0.0
2022,1214909011,2022-01-01,2022-12-31,0.0
2022,1507101000,2022-06-22,2022-12-31,0.0
2022,1507901010,2022-06-22,2022-12-31,0.0
2022,1512111000,2022-06-22,2022-12-31,0.0
2022,1512191010,2022-06-22,2022-12-31,0.0
2022,2303200000,2022-01-01,2022-12-31,0.0
2022,2308003000,2022-01-01,2022-12-31,0.0
2022,2704001010,2022-01-01,2022-12-31,0.0
2022,2710129000,2022-01-01,2022-12-31,0.0
2022,2711110000,2022-01-01,2022-12-31,0.0
2022,2711120000,2022-01-01,2022-11-09,2.0
2022,2711120000,2022-11-10,2022-12-31,0.0
2022,2711130000,2022-01-01,2022-11-09,2.0
2022,2711130000,2022-11-10,2022-12-31,0.0
2022,2711210000,2022-01-01,2022-12-31,0.0
2022,2803001000,2022-01-01,2022-12-31,0.0
2022,2804292000,2022-04-27,2022-12-31,0.0
2022,2804293000,2022-04-27,2022-12-31,0.0
2022,2804294000,2022-04-27,2022-12-31,0.0
2022,2804690000,2022-01-01,2022-12-31,0.0
2022,2825502010,2022-01-01,2022-12-31,0.0
2022,2825902050,2022-01-01,2022-12-31,0.0
2022,2827412010,2022-01-01,2022-12-31,0.0
2022,2833251000,2022-01-01,2022-12-31,0.0
2022,2833292010,2022-01-01,2022-12-31,0.0
2022,2841909010,2022-01-01,2022-12-31,0.0
2022,2841909020,2022-01-01,2022-12-31,0.0
2022,2841909030,2022-01-01,2022-12-31,0.0
2022,2909309010,2022-01-01,2022-12-31,0.0
2022,2909500000,2022-01-01,2022-12-31,0.0
2022,2914791000,2022-01-01,2022-12-31,0.0
2022,2915399000,2022-01-01,2022-12-31,0.0
2022,2916190000,2022-01-01,2022-12-31,0.0
2022,2916203000,2022-01-01,2022-12-31,0.0
2022,2916319010,2022-01-01,2022-12-31,0.0
2022,2918301000,2022-01-01,2022-12-31,0.0
2022,2918991000,2022-01-01,2022-12-31,0.0
2022,2919901010,2022-01-01,2022-12-31,0.0
2022,2920111000,2022-01-01,2022-12-31,0.0
2022,2920191000,2022-01-01,2022-12-31,0.0
2022,2920290000,2022-01-01,2022-12-31,0.0
2022,2920904000,2022-01-01,2022-12-31,0.0
2022,2921423000,2022-01-01,2022-12-31,0.0
2022,2921434000,2022-01-01,2022-12-31,0.0
2022,2921491000,2022-01-01,2022-12-31,0.0
2022,2921599000,2022-01-01,2022-12-31,0.0
2022,2922499000,2022-01-01,2022-12-31,0.0
2022,2922505000,2022-01-01,2022-12-31,0.0
2022,2923900000,2022-01-01,2022-12-31,0.0
2022,2924120000,2022-01-01,2022-12-31,0.0
2022,2924199010,2022-01-01,2022-12-31,0.0
2022,2924211000,2022-01-01,2022-12-31,0.0
2022,2924251000,2022-01-01,2022-12-31,0.0
2022,2924299092,2022-01-01,2022-12-31,0.0
2022,2925199010,2022-01-01,2022-12-31,0.0
2022,2925299010,2022-01-01,2022-12-31,0.0
2022,2926903000,2022-01-01,2022-12-31,0.0
2022,2928002000,2022-01-01,2022-12-31,0.0
2022,2930201010,2022-01-01,2022-12-31,0.0
2022,2930202010,2022-01-01,2022-12-31,0.0
2022,2930302000,2022-01-01,2022-12-31,0.0
2022,2930902000,2022-01-01,2022-12-31,0.0
2022,2931440000,2022-01-01,2022-12-31,0.0
2022,2931480000,2022-01-01,2022-12-31,0.0
2022,2931490000,2022-01-01,2022-12-31,0.0
2022,2931510000,2022-01-01,2022-12-31,0.0
2022,2931520000,2022-01-01,2022-12-31,0.0
2022,2931530000,2022-01-01,2022-12-31,0.0
2022,2931540000,2022-01-01,2022-12-31,0.0
2022,2931590000,2022-01-01,2022-12-31,0.0
2022,2931901000,2022-01-01,2022-12-31,0.0
2022,2932191000,2022-01-01,2022-12-31,0.0
2022,2932209091,2022-01-01,2022-12-31,0.0
2022,2932999010,2022-01-01,2022-12-31,0.0
2022,2933112000,2022-01-01,2022-12-31,0.0
2022,2933192000,2022-01-01,2022-12-31,0.0
2022,2933299010,2022-01-01,2022-12-31,0.0
2022,2933392000,2022-01-01,2022-12-31,0.0
2022,2933499010,2022-01-01,2022-12-31,0.0
2022,2933591000,2022-01-01,2022-12-31,0.0
2022,2933699091,2022-01-01,2022-12-31,0.0
2022,2933799000,2022-01-01,2022-12-31,0.0
2022,2933999010,2022-01-01,2022-12-31,0.0
2022,2934109010,2022-01-01,2022-12-31,0.0
2022,2934204000,2022-01-01,2022-12-31,0.0
2022,2934994000,2022-01-01,2022-12-31,0.0
2022,2935904000,2022-01-01,2022-12-31,0.0
2022,2941201000,2022-01-01,2022-12-31,0.0
2022,2941309000,2022-01-01,2022-12-31,0.0
2022,2941901000,2022-01-01,2022-12-31,0.0
2022,3102101000,2022-01-01,2022-12-31,0.0
2022,3102109000,2022-01-01,2022-12-31,0.0
2022,3105100000,2022-06-22,2022-12-31,0.0
2022,3105300000,2022-06-22,2022-12-31,0.0
2022,3204119000,2022-01-01,2022-12-31,0.0
2022,3206110000,2022-01-01,2022-12-31,0.0
2022,3208909030,2022-01-01,2022-12-31,0.0
2022,3402421000,2022-01-01,2022-12-31,0.0
2022,3801101000,2022-01-01,2022-12-31,0.0
2022,3801300000,2022-01-01,2022-12-31,1.0
2022,3808911000,2022-01-01,2022-12-31,0.0
2022,3808921000,2022-01-01,2022-12-31,0.0
2022,3808931000,2022-01-01,2022-12-31,0.0
2022,3808933000,2022-01-01,2022-12-31,0.0
2022,3815121000,2022-01-01,2022-12-31,0.0
2022,3824992210,2022-01-01,2022-12-31,0.0
2022,3824999051,2022-01-01,2022-12-31,0.0
2022,3824999052,2022-06-22,2022-12-31,0.0
2022,3824999090,2022-01-01,2022-12-31,0.0
2022,3901900000,2022-01-01,2022-12-31,0.0
2022,3904691000,2022-01-01,2022-12-31,0.0
2022,3907400000,2022-01-01,2022-12-31,0.0
2022,3921191010,2022-01-01,2022-12-31,0.0
2022,3921199090,2022-01-01,2022-12-31,0.0
2022,3921902000,2022-01-01,2022-12-31,0.0
2022,4104110000,2022-01-01,2022-12-31,1.0
2022,4104190000,2022-01-01,2022-12-31,1.0
2022,4104410000,2022-01-01,2022-12-31,1.0
2022,4104490000,2022-01-01,2022-12-31,1.0
2022,5205121010,2022-01-01,2022-12-31,0.0
2022,5205321010,2022-01-01,2022-12-31,0.0
2022,5205330000,2022-01-01,2022-12-31,4.0
2022,5504101000,2022-01-01,2022-12-31,0.0
2022,5504102000,2022-01-01,2022-12-31,0.0
2022,5504109000,2022-01-01,2022-12-31,0.0
2022,6815139000,2022-01-01,2022-12-31,0.0
2022,7006002000,2022-01-01,2022-12-31,0.0
2022,7110110000,2022-01-01,2022-12-31,0.0
2022,7110210000,2022-01-01,2022-12-31,0.0
2022,7110310000,2022-01-01,2022-12-31,0.0
2022,7112991000,2022-01-01,2022-12-31,0.0
2022,7202210000,2022-01-01,2022-12-31,0.0
2022,7202410000,2022-01-01,2022-06-21,1.0
2022,7202410000,2022-06-22,2022-12-31,0.0
2022,7202490000,2022-06-22,2022-12-31,0.0
2022,7202600000,2022-01-01,2022-12-31,1.0
2022,7202930000,2022-01-01,2022-12-31,0.0
2022,7502109000,2022-01-01,2022-12-31,1.0
2022,7601201000,2022-04-27,2022-12-31,0.0
2022,7606119000,2022-04-27,2022-12-31,0.0
2022,8104110000,2022-01-01,2022-12-31,1.0
2022,8104190000,2022-01-01,2022-12-31,1.0
2022,8108201000,2022-01-01,2022-12-31,0.5
2022,8111000000,2022-06-22,2022-12-31,0.0
2022,8421999099,2022-01-01,2022-12-31,0.0
2022,8445409000,2022-01-01,2022-12-31,0.0
2022,8477800000,2022-01-01,2022-12-31,0.0
2022,8479899099,2022-01-01,2022-12-31,0.0
2022,8503002090,2022-01-01,2022-12-31,0.0
2022,8507909000,2022-01-01,2022-12-31,0.0
2022,8514199000,2022-01-01,2022-12-31,0.0
2022,8545110000,2022-01-01,2022-12-31,1.0
2022,8545909000,2022-01-01,2022-12-31,0.0
2022,8549299000,2022-01-01,2022-12-31,0.0
2022,9018310000,2022-01-01,2022-12-31,0.0
2023,0706901000,2023-05-01,2023-06-30,0.0
2023,0714102020,2023-01-01,2023-12-31,0.0
2023,0901110000,2023-01-01,2023-12-31,0.0
2023,0901120000,2023-01-01,2023-12-31,0.0
2023,1004900000,2023-01-01,2023-12-31,0.0
2023,1207291000,2023-01-01,2023-12-31,0.0
2023,1214101000,2023-01-01,2023-12-31,0.0
2023,1214909011,2023-01-01,2023-12-31,0.0
2023,1507101000,2023-01-01,2023-12-31,0.0
2023,1507901010,2023-01-01,2023-12-31,0.0
2023,1512111000,2023-01-01,2023-12-31,0.0
2023,1512191010,2023-01-01,2023-12-31,0.0
2023,1701121000,2023-06-01,2023-12-31,0.0
2023,1701122000,2023-06-01,2023-12-31,0.0
2023,1701130000,2023-06-01,2023-12-31,0.0
2023,1701141000,2023-06-01,2023-12-31,0.0
2023,1701142000,2023-06-01,2023-12-31,0.0
2023,1801001000,2023-11-17,2023-12-31,0.0
2023,2303200000,2023-01-01,2023-12-31,0.0
2023,2308003000,2023-01-01,2023-12-31,0.0
2023,2704001010,2023-01-01,2023-12-31,0.0
2023,2711110000,2023-01-01,2023-03-31,0.0
2023,2711110000,2023-10-01,2023-12-31,2.0
2023,2711120000,2023-01-01,2023-03-31,0.0
2023,2711120000,2023-04-01,2023-12-31,2.0
2023,2711130000,2023-01-01,2023-03-31,0.0
2023,2711130000,2023-04-01,2023-12-31,2.0
2023,2711210000,2023-01-01,2023-03-31,0.0
2023,2711210000,2023-10-01,2023-12-31,2.0
2023,2803001000,2023-01-01,2023-12-31,0.0
2023,2804292000,2023-01-01,2023-12-31,0.0
2023,2804293000,2023-01-01,2023-12-31,0.0
2023,2804294000,2023-01-01,2023-12-31,0.0
2023,2804690000,2023-01-01,2023-12-31,0.0
2023,2811111000,2023-01-01,2023-12-31,0.0
2023,2811119000,2023-01-01,2023-12-31,0.0
2023,2825502010,2023-01-01,2023-12-31,0.0
2023,2827412010,2023-01-01,2023-12-31,0.0
2023,2833251000,2023-01-01,2023-12-31,0.0
2023,2833292010,2023-01-01,2023-12-31,0.0
2023,2841691000,2023-01-01,2023-12-31,0.0
2023,2841692000,2023-01-01,2023-12-31,0.0
2023,2841693000,2023-01-01,2023-12-31,0.0
2023,2841909010,2023-01-01,2023-12-31,0.0
2023,2841909020,2023-01-01,2023-12-31,0.0
2023,2909309010,2023-01-01,2023-12-31,0.0
2023,2909500000,2023-01-01,2023-12-31,0.0
2023,2914791000,2023-01-01,2023-12-31,0.0
2023,2915391000,2023-01-01,2023-12-31,0.0
2023,2915392000,2023-01-01,2023-12-31,0.0
2023,2915393000,2023-01-01,2023-12-31,0.0
2023,2915394000,2023-01-01,2023-12-31,0.0
2023,2915395000,2023-01-01,2023-12-31,0.0
2023,2915399000,2023-01-01,2023-12-31,0.0
2023,2916190000,2023-01-01,2023-12-31,0.0
2023,2916203000,2023-01-01,2023-12-31,0.0
2023,2916319010,2023-01-01,2023-12-31,0.0
2023,2918301000,2023-01-01,2023-12-31,0.0
2023,2918991000,2023-01-01,2023-12-31,0.0
2023,2919901010,2023-01-01,2023-12-31,0.0
2023,2920111000,2023-01-01,2023-12-31,0.0
2023,2920191000,2023-01-01,2023-12-31,0.0
2023,2920290000,2023-01-01,2023-12-31,0.0
2023,2920904000,2023-01-01,2023-12-31,0.0
2023,2921423000,2023-01-01,2023-12-31,0.0
2023,2921434000,2023-01-01,2023-12-31,0.0
2023,2921491000,2023-01-01,2023-12-31,0.0
2023,2921599000,2023-01-01,2023-12-31,0.0
2023,2922499000,2023-01-01,2023-12-31,0.0
2023,2922505000,2023-01-01,2023-12-31,0.0
2023,2923900000,2023-01-01,2023-12-31,0.0
2023,2924120000,2023-01-01,2023-12-31,0.0
2023,2924199010,2023-01-01,2023-12-31,0.0
2023,2924211000,2023-01-01,2023-12-31,0.0
2023,2924251000,2023-01-01,2023-12-31,0.0
2023,2924299092,2023-01-01,2023-12-31,0.0
2023,2925199010,2023-01-01,2023-12-31,0.0
2023,2925299010,2023-01-01,2023-12-31,0.0
2023,2926903000,2023-01-01,2023-12-31,0.0
2023,2928002000,2023-01-01,2023-12-31,0.0
2023,2930201010,2023-01-01,2023-12-31,0.0
2023,2930202010,2023-01-01,2023-12-31,0.0
2023,2930302000,2023-01-01,2023-12-31,0.0
2023,2930902000,2023-01-01,2023-12-31,0.0
2023,2931490000,2023-01-01,2023-12-31,0.0
2023,2931540000,2023-01-01,2023-12-31,0.0
2023,2931590000,2023-01-01,2023-12-31,0.0
2023,2931901000,2023-01-01,2023-12-31,0.0
2023,2932191000,2023-01-01,2023-12-31,0.0
2023,2932209091,2023-01-01,2023-12-31,0.0
2023,2932999010,2023-01-01,2023-12-31,0.0
2023,2933112000,2023-01-01,2023-12-31,0.0
2023,2933192000,2023-01-01,2023-12-31,0.0
2023,2933299010,2023-01-01,2023-12-31,0.0
2023,2933392000,2023-01-01,2023-12-31,0.0
2023,2933499010,2023-01-01,2023-12-31,0.0
2023,2933591000,2023-01-01,2023-12-31,0.0
2023,2933699091,2023-01-01,2023-12-31,0.0
2023,2933793000,2023-01-01,2023-12-31,0.0
2023,2933799000,2023-01-01,2023-12-31,0.0
2023,2933999010,2023-01-01,2023-12-31,0.0
2023,2934109010,2023-01-01,2023-12-31,0.0
2023,2934204000,2023-01-01,2023-12-31,0.0
2023,2934994000,2023-01-01,2023-12-31,0.0
2023,2935904000,2023-01-01,2023-12-31,0.0
2023,2941201000,2023-01-01,2023-12-31,0.0
2023,2941301000,2023-01-01,2023-12-31,0.0
2023,2941302000,2023-01-01,2023-12-31,0.0
2023,2941303000,2023-01-01,2023-12-31,0.0
2023,2941309000,2023-01-01,2023-12-31,0.0
2023,2941901000,2023-01-01,2023-12-31,0.0
2023,3102101000,2023-01-01,2023-12-31,0.0
2023,3102109000,2023-01-01,2023-12-31,0.0
2023,3105100000,2023-01-01,2023-12-31,0.0
2023,3105300000,2023-01-01,2023-12-31,0.0
2023,3204119000,2023-01-01,2023-12-31,0.0
2023,3206110000,2023-01-01,2023-12-31,0.0
2023,3402421000,2023-01-01,2023-12-31,0.0
2023,3801101000,2023-01-01,2023-12-31,0.0
2023,3801300000,2023-01-01,2023-12-31,1.0
2023,3808911000,2023-01-01,2023-12-31,0.0
2023,3808921000,2023-01-01,2023-12-31,0.0
2023,3808931000,2023-01-01,2023-12-31,0.0
2023,3808933000,2023-01-01,2023-12-31,0.0
2023,3824992210,2023-01-01,2023-12-31,0.0
2023,3824999051,2023-01-01,2023-12-31,0.0
2023,3824999052,2023-01-01,2023-12-31,0.0
2023,3824999090,2023-01-01,2023-12-31,0.0
2023,3902900000,2023-01-01,2023-12-31,0.0
2023,3904691000,2023-01-01,2023-12-31,0.0
2023,3907400000,2023-01-01,2023-12-31,0.0
2023,3921191010,2023-01-01,2023-12-31,0.0
2023,3921199020,2023-01-01,2023-12-31,0.0
2023,3921199040,2023-01-01,2023-12-31,0.0
2023,3921199090,2023-01-01,2023-12-31,0.0
2023,3921902000,2023-01-01,2023-12-31,0.0
2023,4104110000,2023-01-01,2023-12-31,1.0
2023,4104190000,2023-01-01,2023-12-31,1.0
2023,4104410000,2023-01-01,2023-12-31,1.0
2023,4104490000,2023-01-01,2023-12-31,1.0
2023,5205121010,2023-01-01,2023-12-31,0.0
2023,5205321010,2023-01-01,2023-12-31,0.0
2023,5504101000,2023-01-01,2023-12-31,0.0
2023,5504102000,2023-01-01,2023-12-31,0.0
2023,5504109000,2023-01-01,2023-12-31,0.0
2023,6815139000,2023-01-01,2023-12-31,0.0
2023,7006002000,2023-01-01,2023-12-31,0.0
2023,7110110000,2023-01-01,2023-12-31,0.0
2023,7110210000,2023-01-01,2023-12-31,0.0
2023,7110310000,2023-01-01,2023-12-31,0.0
2023,7112991000,2023-01-01,2023-12-31,0.0
2023,7202210000,2023-01-01,2023-12-31,0.0
2023,7202410000,2023-01-01,2023-12-31,0.0
2023,7202490000,2023-01-01,2023-12-31,0.0
2023,7202600000,2023-01-01,2023-12-31,1.0
2023,7202910000,2023-01-01,2023-12-31,0.0
2023,7202930000,2023-01-01,2023-12-31,0.0
2023,7502109000,2023-01-01,2023-12-31,0.0
2023,7601201000,2023-01-01,2023-12-31,0.0
2023,8104110000,2023-01-01,2023-12-31,0.0
2023,8104190000,2023-01-01,2023-12-31,0.0
2023,8108201000,2023-01-01,2023-12-31,0.0
2023,8111000000,2023-01-01,2023-12-31,0.0
2023,8421219020,2023-01-01,2023-12-31,0.0
2023,8421999099,2023-01-01,2023-12-31,0.0
2023,8445401000,2023-01-01,2023-12-31,0.0
2023,8445409000,2023-01-01,2023-12-31,0.0
2023,8477800000,2023-01-01,2023-12-31,0.0
2023,8479899050,2023-01-01,2023-12-31,0.0
2023,8479899099,2023-01-01,2023-12-31,0.0
2023,8483409090,2023-01-01,2023-12-31,0.0
2023,8503002090,2023-01-01,2023-12-31,0.0
2023,8507909000,2023-01-01,2023-12-31,0.0
2023,8514199000,2023-01-01,2023-12-31,0.0
2023,8545110000,2023-01-01,2023-12-31,0.0
2023,8545909000,2023-01-01,2023-12-31,0.0
2023,9018310000,2023-01-01,2023-12-31,0.0
2024,0407210000,2024-01-19,2024-06-30,0.0
2024,0704902000,2024-05-10,2024-12-31,0.0
2024,0706901000,2024-07-01,2024-12-31,0.0
2024,0714102020,2024-01-01,2024-12-31,0.0
2024,0803900000,2024-04-05,2024-12-31,0.0
2024,0804300000,2024-04-05,2024-12-31,0.0
2024,0804400000,2024-04-05,2024-12-31,0.0
2024,0804502000,2024-04-05,2024-06-30,0.0
2024,0804503000,2024-04-05,2024-12-31,0.0
2024,0805219000,2024-04-01,2024-12-31,10.0
2024,0805400000,2024-01-19,2024-12-31,0.0
2024,0806100000,2024-05-10,2024-06-30,5.0
2024,0809290000,2024-04-05,2024-12-31,0.0
2024,0810500000,2024-04-05,2024-12-31,5.0
2024,0810600000,2024-04-01,2024-12-31,5.0
2024,0811100000,2024-04-05,2024-12-31,0.0
2024,0811909000,2024-04-05,2024-12-31,0.0
2024,0901110000,2024-01-01,2024-12-31,0.0
2024,0901120000,2024-01-01,2024-12-31,0.0
2024,1512111000,2024-01-01,2024-12-31,0.0
2024,1512191010,2024-01-01,2024-12-31,0.0
2024,1701121000,2024-01-01,2024-12-31,0.0
2024,1701122000,2024-01-01,2024-12-31,0.0
2024,1701130000,2024-01-01,2024-12-31,0.0
2024,1701141000,2024-01-01,2024-12-31,0.0
2024,1701142000,2024-01-01,2024-12-31,0.0
2024,1801001000,2024-05-10,2024-12-31,0.0
2024,1803100000,2024-07-01,2024-12-31,0.0
2024,1804000000,2024-07-01,2024-12-31,0.0
2024,1805000000,2024-07-01,2024-12-31,0.0
2024,2002901000,2024-01-19,2024-12-31,0.0
2024,2007100000,2024-01-19,2024-12-31,0.0
2024,2007911000,2024-01-19,2024-12-31,0.0
2024,2007919000,2024-01-19,2024-12-31,0.0
2024,2007991000,2024-01-19,2024-12-31,0.0
2024,2007999000,2024-01-19,2024-12-31,0.0
2024,2008200000,2024-01-19,2024-12-31,5.0
2024,2008309000,2024-01-19,2024-12-31,5.0
2024,2008400000,2024-01-19,2024-12-31,5.0
2024,2008600000,2024-04-05,2024-12-31,5.0
2024,2008701000,2024-04-05,2024-12-31,10.0
2024,2008709000,2024-04-05,2024-12-31,5.0
2024,2008971010,2024-01-19,2024-12-31,10.0
2024,2008971090,2024-01-19,2024-12-31,5.0
2024,2008972000,2024-01-19,2024-12-31,5.0
2024,2008979000,2024-01-19,2024-12-31,5.0
2024,2008999000,2024-01-19,2024-12-31,5.0
2024,2009110000,2024-07-01,2024-12-31,10.0
2024,2009210000,2024-01-19,2024-12-31,0.0
2024,2009290000,2024-01-19,2024-12-31,0.0
2024,2009311000,2024-01-19,2024-12-31,10.0
2024,2009391000,2024-01-19,2024-12-31,10.0
2024,2009410000,2024-04-01,2024-12-31,10.0
2024,2009490000,2024-04-01,2024-12-31,10.0
2024,2009710000,2024-01-19,2024-12-31,5.0
2024,2009790000,2024-01-19,2024-12-31,5.0
2024,2009810000,2024-01-19,2024-12-31,10.0
2024,2009891010,2024-01-19,2024-12-31,10.0
2024,2009891020,2024-01-19,2024-12-31,10.0
2024,2009891090,2024-01-19,2024-12-31,10.0
2024,2009892000,2024-01-19,2024-12-31,0.0
2024,2009901020,2024-01-19,2024-12-31,10.0
2024,2009902000,2024-01-19,2024-12-31,0.0
2024,2101119000,2024-07-01,2024-12-31,0.0
2024,2303200000,2024-01-01,2024-12-31,0.0
2024,2711110000,2024-01-01,2024-12-31,0.0
2024,2711120000,2024-01-01,2024-12-31,0.0
2024,2711130000,2024-01-01,2024-12-31,0.0
2024,2711210000,2024-01-01,2024-12-31,0.0
2024,2804292000,2024-01-01,2024-12-31,0.0
2024,2804293000,2024-01-01,2024-12-31,0.0
2024,2804294000,2024-01-01,2024-12-31,0.0
2024,2825502010,2024-01-01,2024-12-31,0.0
2024,2827412010,2024-01-01,2024-12-31,0.0
2024,2833251000,2024-01-01,2024-12-31,0.0
2024,2833292010,2024-01-01,2024-12-31,0.0
2024,2836910000,2024-01-01,2024-12-31,0.0
2024,2841691000,2024-01-01,2024-12-31,0.0
2024,2841909010,2024-01-01,2024-12-31,0.0
2024,2909309010,2024-01-01,2024-12-31,0.0
2024,2909500000,2024-01-01,2024-12-31,0.0
2024,2914791000,2024-01-01,2024-12-31,0.0
2024,2915399000,2024-01-01,2024-12-31,0.0
2024,2916190000,2024-01-01,2024-12-31,0.0
2024,2916203000,2024-01-01,2024-12-31,0.0
2024,2916319010,2024-01-01,2024-12-31,0.0
2024,2918301000,2024-01-01,2024-12-31,0.0
2024,2918991000,2024-01-01,2024-12-31,0.0
2024,2919901010,2024-01-01,2024-12-31,0.0
2024,2920111000,2024-01-01,2024-12-31,0.0
2024,2920191000,2024-01-01,2024-12-31,0.0
2024,2920290000,2024-01-01,2024-12-31,0.0
2024,2920904000,2024-01-01,2024-12-31,0.0
2024,2921423000,2024-01-01,2024-12-31,0.0
2024,2921434000,2024-01-01,2024-12-31,0.0
2024,2921491000,2024-01-01,2024-12-31,0.0
2024,2921599000,2024-01-01,2024-12-31,0.0
2024,2922505000,2024-01-01,2024-12-31,0.0
2024,2924120000,2024-01-01,2024-12-31,0.0
2024,2924199010,2024-01-01,2024-12-31,0.0
2024,2924211000,2024-01-01,2024-12-31,0.0
2024,2924251000,2024-01-01,2024-12-31,0.0
2024,2924299092,2024-01-01,2024-12-31,0.0
2024,2925199010,2024-01-01,2024-12-31,0.0
2024,2925299010,2024-01-01,2024-12-31,0.0
2024,2926903000,2024-01-01,2024-12-31,0.0
2024,2928002000,2024-01-01,2024-12-31,0.0
2024,2930201010,2024-01-01,2024-12-31,0.0
2024,2930202010,2024-01-01,2024-12-31,0.0
2024,2930302000,2024-01-01,2024-12-31,0.0
2024,2930902000,2024-01-01,2024-12-31,0.0
2024,2931490000,2024-01-01,2024-12-31,0.0
2024,2931540000,2024-01-01,2024-12-31,0.0
2024,2931590000,2024-01-01,2024-12-31,0.0
2024,2931901000,2024-01-01,2024-12-31,0.0
2024,2932191000,2024-01-01,2024-12-31,0.0
2024,2932209091,2024-01-01,2024-12-31,0.0
2024,2932999010,2024-01-01,2024-12-31,0.0
2024,2933112000,2024-01-01,2024-12-31,0.0
2024,2933192000,2024-01-01,2024-12-31,0.0
2024,2933299010,2024-01-01,2024-12-31,0.0
2024,2933392000,2024-01-01,2024-12-31,0.0
2024,2933499010,2024-01-01,2024-12-31,0.0
2024,2933591000,2024-01-01,2024-12-31,0.0
2024,2933699091,2024-01-01,2024-12-31,0.0
2024,2933799000,2024-01-01,2024-12-31,0.0
2024,2933999010,2024-01-01,2024-12-31,0.0
2024,2934109010,2024-01-01,2024-12-31,0.0
2024,2934204000,2024-01-01,2024-12-31,0.0
2024,2934994000,2024-01-01,2024-12-31,0.0
2024,2935904000,2024-01-01,2024-12-31,0.0
2024,2941201000,2024-01-01,2024-12-31,0.0
2024,2941301000,2024-01-01,2024-12-31,0.0
2024,2941302000,2024-01-01,2024-12-31,0.0
2024,2941303000,2024-01-01,2024-12-31,0.0
2024,2941309000,2024-01-01,2024-12-31,0.0
2024,2941901000,2024-01-01,2024-12-31,0.0
2024,3102101000,2024-01-01,2024-12-31,0.0
2024,3102109000,2024-01-01,2024-12-31,0.0
2024,3105100000,2024-01-01,2024-12-31,0.0
2024,3105300000,2024-01-01,2024-12-31,0.0
2024,3204119000,2024-01-01,2024-12-31,0.0
2024,3206110000,2024-01-01,2024-12-31,3.0
2024,3402421000,2024-01-01,2024-12-31,0.0
2024,3403111000,2024-01-01,2024-12-31,0.0
2024,3403119000,2024-01-01,2024-12-31,0.0
2024,3403911000,2024-01-01,2024-12-31,0.0
2024,3403919000,2024-01-01,2024-12-31,0.0
2024,3801101000,2024-01-01,2024-12-31,0.0
2024,3801300000,2024-01-01,2024-12-31,0.0
2024,3808911000,2024-01-01,2024-12-31,0.0
2024,3808921000,2024-01-01,2024-12-31,0.0
2024,3808931000,2024-01-01,2024-12-31,0.0
2024,3808933000,2024-01-01,2024-12-31,0.0
2024,3824992210,2024-01-01,2024-12-31,0.0
2024,3824999051,2024-01-01,2024-12-31,0.0
2024,3824999052,2024-01-01,2024-12-31,0.0
2024,3824999090,2024-01-01,2024-12-31,0.0
2024,3901900000,2024-01-01,2024-12-31,0.0
2024,3907400000,2024-01-01,2024-12-31,0.0
2024,3921191010,2024-01-01,2024-12-31,0.0
2024,3921199020,2024-01-01,2024-12-31,0.0
2024,3921199040,2024-01-01,2024-12-31,0.0
2024,3921199090,2024-01-01,2024-12-31,0.0
2024,4104110000,2024-01-01,2024-12-31,1.0
2024,4104190000,2024-01-01,2024-12-31,1.0
2024,4104410000,2024-01-01,2024-12-31,1.0
2024,4104490000,2024-01-01,2024-12-31,1.0
2024,5504101000,2024-01-01,2024-12-31,0.0
2024,5504102000,2024-01-01,2024-12-31,0.0
2024,5504109000,2024-01-01,2024-12-31,0.0
2024,6815139000,2024-01-01,2024-12-31,0.0
2024,7006002000,2024-01-01,2024-12-31,0.0
2024,7112991000,2024-01-01,2024-12-31,0.0
2024,7202410000,2024-01-01,2024-12-31,1.0
2024,7202490000,2024-01-01,2024-12-31,1.0
2024,7202600000,2024-01-01,2024-12-31,1.0
2024,7202930000,2024-01-01,2024-12-31,0.0
2024,7502109000,2024-01-01,2024-12-31,0.0
2024,8108201000,2024-01-01,2024-12-31,0.0
2024,8455302000,2024-01-01,2024-12-31,0.0
2024,8503002090,2024-01-01,2024-12-31,0.0
2024,8507909000,2024-01-01,2024-12-31,0.0
2024,8514199000,2024-01-01,2024-12-31,0.0
2024,8545909000,2024-01-01,2024-12-31,0.0
2025,0901110000,2025-01-01,2025-12-31,0.0
2025,0901120000,2025-01-01,2025-12-31,0.0
2025,2002901000,2025-01-01,2025-12-31,0.0
2025,2303200000,2025-01-01,2025-12-31,0.0
2025,2711110000,2025-01-01,2025-03-31,0.0
2025,2711110000,2025-04-01,2025-09-30,2.0
2025,2711110000,2025-10-01,2025-12-31,0.0
2025,2711120000,2025-01-01,2025-12-31,0.0
2025,2711130000,2025-01-01,2025-12-31,0.0
2025,2711210000,2025-01-01,2025-03-31,0.0
2025,2711210000,2025-04-01,2025-09-30,2.0
2025,2711210000,2025-10-01,2025-12-31,0.0
2025,2811111000,2025-01-01,2025-12-31,0.0
2025,2825502010,2025-01-01,2025-12-31,0.0
2025,2827412010,2025-01-01,2025-12-31,0.0
2025,2833251000,2025-01-01,2025-12-31,0.0
2025,2909309010,2025-01-01,2025-12-31,0.0
2025,2909500000,2025-01-01,2025-12-31,0.0
2025,2914791000,2025-01-01,2025-12-31,0.0
2025,2915399000,2025-01-01,2025-12-31,0.0
2025,2916190000,2025-01-01,2025-12-31,0.0
2025,2916203000,2025-01-01,2025-12-31,0.0
2025,2916319010,2025-01-01,2025-12-31,0.0
2025,2918301000,2025-01-01,2025-12-31,0.0
2025,2918991000,2025-01-01,2025-12-31,0.0
2025,2919901010,2025-01-01,2025-12-31,0.0
2025,2920111000,2025-01-01,2025-12-31,0.0
2025,2920191000,2025-01-01,2025-12-31,0.0
2025,2920290000,2025-01-01,2025-12-31,0.0
2025,2920904000,2025-01-01,2025-12-31,0.0
2025,2921423000,2025-01-01,2025-12-31,0.0
2025,2921434000,2025-01-01,2025-12-31,0.0
2025,2921491000,2025-01-01,2025-12-31,0.0
2025,2921599000,2025-01-01,2025-12-31,0.0
2025,2922505000,2025-01-01,2025-12-31,0.0
2025,2924120000,2025-01-01,2025-12-31,0.0
2025,2924199010,2025-01-01,2025-12-31,0.0
2025,2924211000,2025-01-01,2025-12-31,0.0
2025,2924251000,2025-01-01,2025-12-31,0.0
2025,2924299092,2025-01-01,2025-12-31,0.0
2025,2925199010,2025-01-01,2025-12-31,0.0
2025,2925299010,2025-01-01,2025-12-31,0.0
2025,2926903000,2025-01-01,2025-12-31,0.0
2025,2928002000,2025-01-01,2025-12-31,0.0
2025,2930201010,2025-01-01,2025-12-31,0.0
2025,2930202010,2025-01-01,2025-12-31,0.0
2025,2930302000,2025-01-01,2025-12-31,0.0
2025,2930902010,2025-01-01,2025-12-31,0.0
2025,2930902090,2025-01-01,2025-12-31,0.0
2025,2931490000,2025-01-01,2025-12-31,0.0
2025,2931540000,2025-01-01,2025-12-31,0.0
2025,2931590000,2025-01-01,2025-12-31,0.0
2025,2931901000,2025-01-01,2025-12-31,0.0
2025,2932191000,2025-01-01,2025-12-31,0.0
2025,2932209091,2025-01-01,2025-12-31,0.0
2025,2932999010,2025-01-01,2025-12-31,0.0
2025,2933112000,2025-01-01,2025-12-31,0.0
2025,2933192000,2025-01-01,2025-12-31,0.0
2025,2933299010,2025-01-01,2025-12-31,0.0
2025,2933392000,2025-01-01,2025-12-31,0.0
2025,2933499010,2025-01-01,2025-12-31,0.0
2025,2933591000,2025-01-01,2025-12-31,0.0
2025,2933699091,2025-01-01,2025-12-31,0.0
2025,2933799000,2025-01-01,2025-12-31,0.0
2025,2933999010,2025-01-01,2025-12-31,0.0
2025,2934109010,2025-01-01,2025-12-31,0.0
2025,2934204000,2025-01-01,2025-12-31,0.0
2025,2934994000,2025-01-01,2025-12-31,0.0
2025,2935904000,2025-01-01,2025-12-31,0.0
2025,2941201000,2025-01-01,2025-12-31,0.0
2025,2941301000,2025-01-01,2025-12-31,0.0
2025,2941302000,2025-01-01,2025-12-31,0.0
2025,2941303000,2025-01-01,2025-12-31,0.0
2025,2941309000,2025-01-01,2025-12-31,0.0
2025,2941901000,2025-01-01,2025-12-31,0.0
2025,3102101000,2025-01-01,2025-12-31,0.0
2025,3102109000,2025-01-01,2025-12-31,0.0
2025,3105300000,2025-01-01,2025-12-31,0.0
2025,3204119000,2025-01-01,2025-12-31,0.0
2025,3206110000,2025-01-01,2025-12-31,3.5
2025,3402421000,2025-01-01,2025-12-31,0.0
2025,3801101000,2025-01-01,2025-12-31,0.0
2025,3808911000,2025-01-01,2025-12-31,0.0
2025,3808921000,2025-01-01,2025-12-31,0.0
2025,3808931000,2025-01-01,2025-12-31,0.0
2025,3808933000,2025-01-01,2025-12-31,0.0
2025,3824992210,2025-01-01,2025-12-31,0.0
2025,3824999052,2025-01-01,2025-12-31,0.0
2025,3824999053,2025-01-01,2025-12-31,0.0
2025,3824999059,2025-01-01,2025-12-31,0.0
2025,3824999090,2025-01-01,2025-12-31,0.0
2025,3921191010,2025-01-01,2025-12-31,0.0
2025,3921199020,2025-01-01,2025-12-31,0.0
2025,3921199040,2025-01-01,2025-12-31,0.0
2025,3921199090,2025-01-01,2025-12-31,0.0
2025,5205121010,2025-01-01,2025-12-31,0.0
2025,5205321010,2025-01-01,2025-12-31,0.0
2025,5504101000,2025-01-01,2025-12-31,0.0
2025,5504102000,2025-01-01,2025-12-31,0.0
2025,5504109000,2025-01-01,2025-12-31,0.0
2025,6815139000,2025-01-01,2025-12-31,0.0
2025,7006002000,2025-01-01,2025-12-31,0.0
2025,7019632000,2025-01-01,2025-12-31,0.0
2025,7112991000,2025-01-01,2025-12-31,0.0
2025,7202210000,2025-01-01,2025-12-31,0.0
2025,7202410000,2025-09-25,2025-12-31,0.0
2025,7202490000,2025-09-25,2025-12-31,0.0
2025,7202600000,2025-09-25,2025-12-31,0.0
2025,7202930000,2025-01-01,2025-12-31,0.0
2025,7326909000,2025-01-01,2025-12-31,0.0
2025,7410110000,2025-01-01,2025-12-31,0.0
2025,8007009000,2025-01-01,2025-12-31,2.0
2025,8108201000,2025-01-01,2025-12-31,0.0
2025,8421999091,2025-01-01,2025-12-31,0.0
2025,8421999099,2025-01-01,2025-12-31,0.0
2025,8455302000,2025-01-01,2025-12-31,0.0
2025,8503002090,2025-01-01,2025-12-31,0.0
2025,8507909000,2025-01-01,2025-12-31,0.0
2025,8514199000,2025-01-01,2025-12-31,0.0
2025,8545909000,2025-01-01,2025-12-31,0.0
2026,0901110000,2026-01-01,2026-12-31,0.0
2026,0901120000,2026-01-01,2026-12-31,0.0
2026,1801001000,2026-01-01,2026-12-31,0.0
2026,1803100000,2026-01-01,2026-12-31,0.0
2026,1804000000,2026-01-01,2026-12-31,0.0
2026,1805000000,2026-01-01,2026-12-31,0.0
2026,2101119000,2026-01-01,2026-12-31,0.0
2026,2303200000,2026-01-01,2026-12-31,0.0
2026,2529219000,2026-01-01,2026-12-31,0.0
2026,2620990000,2026-01-01,2026-12-31,0.0
2026,2711110000,2026-01-01,2026-03-31,0.0
2026,2711110000,2026-04-01,2026-06-30,2.0
2026,2711110000,2026-07-01,2026-12-31,0.0
2026,2711120000,2026-01-01,2026-12-31,0.0
2026,2711130000,2026-01-01,2026-12-31,0.0
2026,2711210000,2026-01-01,2026-03-31,0.0
2026,2711210000,2026-04-01,2026-06-30,2.0
2026,2711210000,2026-07-01,2026-12-31,0.0
2026,2825202000,2026-01-01,2026-12-31,0.0
2026,2825502010,2026-01-01,2026-12-31,0.0
2026,2827412010,2026-01-01,2026-12-31,0.0
2026,2833251000,2026-01-01,2026-12-31,0.0
2026,2836910000,2026-01-01,2026-12-31,0.0
2026,2909309010,2026-01-01,2026-12-31,0.0
2026,2909500000,2026-01-01,2026-12-31,0.0
2026,2914791000,2026-01-01,2026-12-31,0.0
2026,2915399000,2026-01-01,2026-12-31,0.0
2026,2916190000,2026-01-01,2026-12-31,0.0
2026,2916203000,2026-01-01,2026-12-31,0.0
2026,2916319010,2026-01-01,2026-12-31,0.0
2026,2918301000,2026-01-01,2026-12-31,0.0
2026,2918991000,2026-01-01,2026-12-31,0.0
2026,2919901010,2026-01-01,2026-12-31,0.0
2026,2920111000,2026-01-01,2026-12-31,0.0
2026,2920191000,2026-01-01,2026-12-31,0.0
2026,2920290000,2026-01-01,2026-12-31,0.0
2026,2920904000,2026-01-01,2026-12-31,0.0
2026,2921423000,2026-01-01,2026-12-31,0.0
2026,2921434000,2026-01-01,2026-12-31,0.0
2026,2921491000,2026-01-01,2026-12-31,0.0
2026,2922505000,2026-01-01,2026-12-31,0.0
2026,2924120000,2026-01-01,2026-12-31,0.0
2026,2924199010,2026-01-01,2026-12-31,0.0
2026,2924211000,2026-01-01,2026-12-31,0.0
2026,2924251000,2026-01-01,2026-12-31,0.0
2026,2924299092,2026-01-01,2026-12-31,0.0
2026,2925199010,2026-01-01,2026-12-31,0.0
2026,2925299010,2026-01-01,2026-12-31,0.0
2026,2926903000,2026-01-01,2026-12-31,0.0
2026,2928002000,2026-01-01,2026-12-31,0.0
2026,2930201010,2026-01-01,2026-12-31,0.0
2026,2930202010,2026-01-01,2026-12-31,0.0
2026,2930302000,2026-01-01,2026-12-31,0.0
2026,2930902010,2026-01-01,2026-12-31,0.0
2026,2930902090,2026-01-01,2026-12-31,0.0
2026,2931490000,2026-01-01,2026-12-31,0.0
2026,2931540000,2026-01-01,2026-12-31,0.0
2026,2931590000,2026-01-01,2026-12-31,0.0
2026,2931901000,2026-01-01,2026-12-31,0.0
2026,2932191000,2026-01-01,2026-12-31,0.0
2026,2932209091,2026-01-01,2026-12-31,0.0
2026,2932999010,2026-01-01,2026-12-31,0.0
2026,2933112000,2026-01-01,2026-12-31,0.0
2026,2933192000,2026-01-01,2026-12-31,0.0
2026,2933299010,2026-01-01,2026-12-31,0.0
2026,2933392000,2026-01-01,2026-12-31,0.0
2026,2933499010,2026-01-01,2026-12-31,0.0
2026,2933591000,2026-01-01,2026-12-31,0.0
2026,2933699091,2026-01-01,2026-12-31,0.0
2026,2933799000,2026-01-01,2026-12-31,0.0
2026,2933999010,2026-01-01,2026-12-31,0.0
2026,2934109010,2026-01-01,2026-12-31,0.0
2026,2934204000,2026-01-01,2026-12-31,0.0
2026,2934994000,2026-01-01,2026-12-31,0.0
2026,2935904000,2026-01-01,2026-12-31,0.0
2026,2941201000,2026-01-01,2026-12-31,0.0
2026,2941301000,2026-01-01,2026-12-31,0.0
2026,2941302000,2026-01-01,2026-12-31,0.0
2026,2941303000,2026-01-01,2026-12-31,0.0
2026,2941309000,2026-01-01,2026-12-31,0.0
2026,2941901000,2026-01-01,2026-12-31,0.0
2026,3102101000,2026-01-01,2026-12-31,0.0
2026,3102109000,2026-01-01,2026-12-31,0.0
2026,3105300000,2026-01-01,2026-12-31,0.0
2026,3204119000,2026-01-01,2026-12-31,0.0
2026,3206110000,2026-01-01,2026-12-31,3.0
2026,3402421000,2026-01-01,2026-12-31,0.0
2026,3801101000,2026-01-01,2026-12-31,0.0
2026,3808911000,2026-01-01,2026-12-31,0.0
2026,3808921000,2026-01-01,2026-12-31,0.0
2026,3808931000,2026-01-01,2026-12-31,0.0
2026,3808933000,2026-01-01,2026-12-31,0.0
2026,3824992210,2026-01-01,2026-12-31,0.0
2026,3824999090,2026-01-01,2026-12-31,0.0
2026,3921199020,2026-01-01,2026-12-31,0.0
2026,3921199040,2026-01-01,2026-12-31,0.0
2026,3921199090,2026-01-01,2026-12-31,0.0
2026,4104110000,2026-01-01,2026-12-31,1.0
2026,4104190000,2026-01-01,2026-12-31,1.0
2026,4104410000,2026-01-01,2026-12-31,1.0
2026,4104490000,2026-01-01,2026-12-31,1.0
2026,6804210000,2026-01-01,2026-12-31,0.0
2026,6815139000,2026-01-01,2026-12-31,0.0
2026,7006002000,2026-01-01,2026-12-31,0.0
2026,7019632000,2026-01-01,2026-12-31,0.0
2026,7020001019,2026-01-01,2026-12-31,3.0
2026,7112929000,2026-01-01,2026-12-31,0.0
2026,7112991000,2026-01-01,2026-12-31,0.0
2026,7202210000,2026-01-01,2026-12-31,0.0
2026,7202410000,2026-01-01,2026-12-31,0.0
2026,7202490000,2026-01-01,2026-12-31,0.0
2026,7202600000,2026-01-01,2026-12-31,0.0
2026,7202930000,2026-01-01,2026-12-31,0.0
2026,7326909000,2026-01-01,2026-12-31,0.0
2026,7410110000,2026-01-01,2026-12-31,0.0
2026,7502109000,2026-01-01,2026-12-31,0.0
2026,8007009000,2026-01-01,2026-12-31,2.0
2026,8108201000,2026-01-01,2026-12-31,0.0
2026,8108300000,2026-01-01,2026-12-31,0.0
2026,8455302000,2026-01-01,2026-12-31,0.0
2026,8507909000,2026-01-01,2026-12-31,0.0
2026,8514199000,2026-01-01,2026-12-31,0.0
2026,8545909000,2026-01-01,2026-12-31,0.0
2026,8549142000,2026-01-01,2026-12-31,0.0
2026,8549149000,2026-01-01,2026-12-31,0.0
2026,8549190000,2026-01-01,2026-12-31,0.0
2026,8549312000,2026-01-01,2026-12-31,0.0
2026,8549319000,2026-01-01,2026-12-31,0.0
2026,8549392000,2026-01-01,2026-12-31,0.0
2026,8549399000,2026-01-01,2026-12-31,0.0
2026,8549912000,2026-01-01,2026-12-31,0.0
2026,8549919000,2026-01-01,2026-12-31,0.0
2026,8549992000,2026-01-01,2026-12-31,0.0
2026,8549999000,2026-01-01,2026-12-31,0.0
